{"bounding boxes":[{"center":{"x":33.321857096773805,"y":-18.23256731058801},"width":2.933737386231714,"length":5.6418010445441755,"angle":-4.692181288026097,"object_id":"1c1"},{"center":{"x":18.976450023940924,"y":-8.329483349084978},"width":2.820900453003695,"length":5.303292706040468,"angle":-3.5369131822303723,"object_id":"1c2"},{"center":{"x":17.114107524285657,"y":11.560185638397932},"width":3.1449476062356907,"length":5.6881819641452225,"angle":-3.181227066097668,"object_id":"1c4"},{"center":{"x":5.100457658544224,"y":-4.111641106539144},"width":3.3184866300910825,"length":5.653720576165453,"angle":-1.501042218753752,"object_id":"1c5"}]}