{"bounding boxes":[{"center":{"x":33.321857096773805,"y":-18.23256731058801},"width":2.933737386231714,"length":5.6418010445441755,"angle":-4.692181288026097,"object_id":"1c1"},{"center":{"x":18.640404939480817,"y":-7.759263134557456},"width":2.820900453003695,"length":5.303292706040469,"angle":-3.5369131822303723,"object_id":"1c2"},{"center":{"x":17.00347733425651,"y":12.422199196775164},"width":3.1449476062356907,"length":5.6881819641452225,"angle":-3.181227066097668,"object_id":"1c4"},{"center":{"x":5.692803804147264,"y":-3.947998608846875},"width":3.3184866300910825,"length":5.653720576165453,"angle":-1.501042218753752,"object_id":"1c5"}]}