{"bounding boxes":[{"center":{"x":32.190176723838995,"y":-18.29018518004154},"width":2.933737386231714,"length":5.6418010445441755,"angle":-4.692181288026097,"object_id":"1c1"},{"center":{"x":18.10522556972292,"y":-5.637419025168896},"width":2.8209004530036923,"length":5.303292706040468,"angle":-3.395331930092419,"object_id":"1c2"},{"center":{"x":17.07816463712841,"y":15.936631884112575},"width":3.1449476062356907,"length":5.6881819641452225,"angle":-3.181227066097668,"object_id":"1c4"},{"center":{"x":6.037609044659174,"y":-3.9037465113463266},"width":3.3184866300910825,"length":5.653720576165453,"angle":-1.501042218753752,"object_id":"1c5"}]}