{"bounding boxes":[{"center":{"x":31.553578363844565,"y":-18.10902232793861},"width":2.933737386231714,"length":5.6418010445441755,"angle":-4.692181288026097,"object_id":"1c1"},{"center":{"x":17.720322802139012,"y":-3.321046144732299},"width":2.8209004530036945,"length":5.303292706040468,"angle":-3.3459002533210214,"object_id":"1c2"},{"center":{"x":17.369506701434247,"y":19.12838539375593},"width":3.1449476062356907,"length":5.6881819641452225,"angle":-3.181227066097668,"object_id":"1c4"},{"center":{"x":6.285149954887202,"y":-3.7843561151229737},"width":3.3184866300910825,"length":5.653720576165455,"angle":-1.501042218753752,"object_id":"1c5"}]}