{"bounding boxes":[{"center":{"x":31.283911355593638,"y":-18.056010053772525},"width":2.933737386231714,"length":5.6418010445441755,"angle":-4.692181288026097,"object_id":"1c1"},{"center":{"x":17.45941601174604,"y":-2.6535615270711235},"width":2.8209004530036945,"length":5.303292706040468,"angle":-3.3459002533210214,"object_id":"1c2"},{"center":{"x":17.60368189257592,"y":20.03465124142065},"width":3.1449476062356907,"length":5.6881819641452225,"angle":-3.181227066097668,"object_id":"1c4"},{"center":{"x":6.285149954887202,"y":-3.7843561151229737},"width":3.3184866300910825,"length":5.653720576165455,"angle":-1.501042218753752,"object_id":"1c5"}]}