{"bounding boxes":[{"center":{"x":30.766703357595475,"y":-18.1223881383045},"width":2.933737386231714,"length":5.6418010445441755,"angle":-4.692181288026097,"object_id":"1c1"},{"center":{"x":17.51242829039228,"y":-2.3838944986107604},"width":2.8209004530036945,"length":5.303292706040468,"angle":-3.3459002533210214,"object_id":"1c2"},{"center":{"x":17.674214614917865,"y":21.533263651908396},"width":3.1449476062356907,"length":5.6881819641452225,"angle":-3.181227066097668,"object_id":"1c4"},{"center":{"x":6.780231786336318,"y":-3.545575321794223},"width":3.3184866300910825,"length":5.653720576165455,"angle":-1.501042218753752,"object_id":"1c5"}]}