{"bounding boxes":[{"center":{"x":30.324633679383105,"y":-18.091501894410897},"width":2.933737386231714,"length":5.6418010445441755,"angle":-4.692181288026097,"object_id":"1c1"},{"center":{"x":17.649339093758993,"y":-1.4024907315314141},"width":2.8209004530036945,"length":5.303292706040468,"angle":-3.3459002533210214,"object_id":"1c2"},{"center":{"x":6.930508398687874,"y":-3.351046638290564},"width":3.3184866300910825,"length":5.653720576165455,"angle":-1.501042218753752,"object_id":"1c5"}]}