{"bounding boxes":[{"center":{"x":29.86043799699544,"y":-17.888213017004134},"width":2.9337373862317135,"length":5.6418010445441755,"angle":-4.692181288026097,"object_id":"1c1"},{"center":{"x":17.20266381635338,"y":0.02974289926111351},"width":2.8209004530036945,"length":5.303292706040468,"angle":-3.3459002533210214,"object_id":"1c2"},{"center":{"x":7.964924156404235,"y":-3.2182903371790084},"width":3.3184866300910825,"length":5.653720576165456,"angle":-1.501042218753752,"object_id":"1c5"}]}