{"bounding boxes":[{"center":{"x":29.590770991626286,"y":-17.835200743658177},"width":2.9337373862317135,"length":5.641801044544168,"angle":-4.692181288026097,"object_id":"1c1"},{"center":{"x":17.15841174788874,"y":0.37454825350494514},"width":2.8209004530036945,"length":5.303292706040468,"angle":-3.3459002533210214,"object_id":"1c2"},{"center":{"x":8.482132045207958,"y":-3.1519121837601713},"width":3.3184866300910825,"length":5.653720576165456,"angle":-1.501042218753752,"object_id":"1c5"}]}