{"bounding boxes":[{"center":{"x":29.34323000296004,"y":-17.95459110459749},"width":2.9337373862317135,"length":5.641801044544165,"angle":-4.692181288026097,"object_id":"1c1"},{"center":{"x":17.21557861435374,"y":2.660035221800629},"width":2.8209004530036945,"length":5.303292706040468,"angle":-3.3459002533210214,"object_id":"1c2"},{"center":{"x":8.902075596937387,"y":-3.0103957343410603},"width":3.318486630091083,"length":5.6537205761654565,"angle":-1.9252367609480572,"object_id":"1c5"}]}