{"bounding boxes":[{"center":{"x":29.14870132614176,"y":-17.80431450209762},"width":2.9337373862317135,"length":5.641801044544165,"angle":-4.692181288026097,"object_id":"1c1"},{"center":{"x":17.20221278703387,"y":3.4469103359454367},"width":2.8209004530036945,"length":5.303292706040468,"angle":-3.3459002533210214,"object_id":"1c2"},{"center":{"x":9.71983666982818,"y":-2.554960174570081},"width":3.3184866300910825,"length":5.653720576165456,"angle":-2.0201885031861178,"object_id":"1c5"}]}