{"bounding boxes":[{"center":{"x":28.51210298298477,"y":-17.623151655502433},"width":2.9337373862317135,"length":5.641801044544165,"angle":-4.692181288026097,"object_id":"1c1"},{"center":{"x":17.210972998368142,"y":4.061382778692431},"width":2.8209004530036945,"length":5.303292706040468,"angle":-3.3459002533210214,"object_id":"1c2"},{"center":{"x":9.87011325732221,"y":-2.3604314704573843},"width":3.318486630091081,"length":5.653720576165455,"angle":-2.055571973866696,"object_id":"1c5"}]}