{"bounding boxes":[{"center":{"x":28.51210298298477,"y":-17.623151655502433},"width":2.9337373862317135,"length":5.641801044544165,"angle":-4.692181288026097,"object_id":"1c1"},{"center":{"x":16.808549765598656,"y":5.148811163642947},"width":2.8209004530036945,"length":5.303292706040468,"angle":-3.3459002533210214,"object_id":"1c2"},{"center":{"x":10.462459454741232,"y":-2.1967889602974493},"width":3.318486630091081,"length":5.653720576165455,"angle":-2.055571973866696,"object_id":"1c5"}]}