{"bounding boxes":[{"center":{"x":28.167297659964646,"y":-17.667403711762503},"width":2.9337373862317135,"length":5.641801044544165,"angle":-4.692181288026097,"object_id":"1c1"},{"center":{"x":16.750931863812717,"y":6.280491715881017},"width":2.8209004530036945,"length":5.303292706040468,"angle":-3.3459002533210214,"object_id":"1c2"},{"center":{"x":10.612736046717714,"y":-2.0022602540228993},"width":3.318486630091081,"length":5.653720576165455,"angle":-2.055571973866696,"object_id":"1c5"}]}