{"bounding boxes":[{"center":{"x":27.800366321136273,"y":-17.539253138646856},"width":2.9337373862317135,"length":5.641801044544165,"angle":-4.692181288026097,"object_id":"1c1"},{"center":{"x":16.918728907978995,"y":7.703965432021228},"width":2.820900453003692,"length":5.303292706040467,"angle":-3.1428740055660183,"object_id":"1c2"},{"center":{"x":11.63378602686182,"y":-1.0826289245378709},"width":3.3184866300910807,"length":5.653720576165456,"angle":-2.168621456014267,"object_id":"1c5"}]}