{"bounding boxes":[{"center":{"x":27.800366321136273,"y":-17.539253138646856},"width":2.933737386231713,"length":5.641801044544165,"angle":-4.575520325070245,"object_id":"1c1"},{"center":{"x":16.905363080916665,"y":8.490840616274742},"width":2.820900453003692,"length":5.303292706040467,"angle":-3.1428740055660183,"object_id":"1c2"},{"center":{"x":11.63378602686182,"y":-1.0826289245378706},"width":3.318486630091082,"length":5.653720576165455,"angle":-2.29848823480665,"object_id":"1c5"}]}