{"bounding boxes":[{"center":{"x":27.45556100371991,"y":-17.583505197361042},"width":2.933737386231713,"length":5.641801044544165,"angle":-4.575520325070245,"object_id":"1c1"},{"center":{"x":16.794732895565218,"y":9.35285411244866},"width":2.820900453003692,"length":5.303292706040467,"angle":-3.1428740055660183,"object_id":"1c2"},{"center":{"x":12.084615833124577,"y":-0.49904277008876075},"width":3.3184866300910794,"length":5.653720576165453,"angle":-2.375565611622185,"object_id":"1c5"}]}