{"bounding boxes":[{"center":{"x":27.16376799069403,"y":-17.35809029531192},"width":2.933737386231713,"length":5.641801044544165,"angle":-4.575520325070245,"object_id":"1c1"},{"center":{"x":17.051034103534263,"y":10.086717089966672},"width":2.820900453003692,"length":5.303292706040467,"angle":-3.1428740055660183,"object_id":"1c2"},{"center":{"x":12.557571687204618,"y":-0.08785926880541761},"width":3.3184866300910794,"length":5.653720576165453,"angle":-2.375565611622185,"object_id":"1c5"}]}