{"bounding boxes":[{"center":{"x":26.81896267519881,"y":-17.402342354572834},"width":2.933737386231713,"length":5.641801044544165,"angle":-4.575520325070245,"object_id":"1c1"},{"center":{"x":16.971290164048213,"y":11.39080046379279},"width":2.820900453003692,"length":5.303292706040467,"angle":-3.1428740055660183,"object_id":"1c2"},{"center":{"x":12.707848297615685,"y":0.10666946072551231},"width":3.3184866300910794,"length":5.653720576165453,"angle":-2.375565611622185,"object_id":"1c5"}]}