{"bounding boxes":[{"center":{"x":26.45203134177367,"y":-17.27419178235033},"width":2.933737386231713,"length":5.641801044544165,"angle":-4.575520325070245,"object_id":"1c1"},{"center":{"x":16.8827860139726,"y":12.080411311802262},"width":2.820900453003692,"length":5.303292706040467,"angle":-3.1428740055660183,"object_id":"1c2"},{"center":{"x":13.10566586458468,"y":0.4205886200594684},"width":3.3184866300910794,"length":5.653720576165453,"angle":-2.375565611622185,"object_id":"1c5"}]}