{"bounding boxes":[{"center":{"x":26.18236434950599,"y":-17.221179511157267},"width":2.933737386231711,"length":5.641801044544162,"angle":-4.469763761960078,"object_id":"1c1"},{"center":{"x":17.094835153112868,"y":13.159079774148989},"width":2.820900453003692,"length":5.303292706040467,"angle":-3.1428740055660183,"object_id":"1c2"},{"center":{"x":13.233816438449146,"y":0.7875200231098785},"width":3.318486630091079,"length":5.653720576165451,"angle":-2.463838878587355,"object_id":"1c5"}]}