{"bounding boxes":[{"center":{"x":26.18236434950599,"y":-17.221179511157267},"width":2.933737386231711,"length":5.641801044544162,"angle":-4.469763761960078,"object_id":"1c1"},{"center":{"x":17.081469323545214,"y":13.945955037676438},"width":2.820900453003692,"length":5.303292706040467,"angle":-3.1428740055660183,"object_id":"1c2"},{"center":{"x":13.609507965109845,"y":1.2738418523071582},"width":3.3184866300910807,"length":5.653720576165446,"angle":-2.548961389354982,"object_id":"1c5"}]}