{"bounding boxes":[{"center":{"x":25.890571338401365,"y":-16.995764609654955},"width":2.9337373862317175,"length":5.641801044544163,"angle":-4.375198261092681,"object_id":"1c1"},{"center":{"x":17.121115778838565,"y":15.002497448135959},"width":2.820900453003692,"length":5.303292706040467,"angle":-3.1428740055660183,"object_id":"1c2"},{"center":{"x":14.135476114573587,"y":1.9546924267730583},"width":3.3184866300910807,"length":5.653720576165445,"angle":-2.546255031869986,"object_id":"1c5"}]}