{"bounding boxes":[{"center":{"x":25.890571338401365,"y":-16.995764609654955},"width":2.9337373862317175,"length":5.641801044544163,"angle":-4.375198261092681,"object_id":"1c1"},{"center":{"x":17.182888277767148,"y":15.886637151476773},"width":2.820900453003692,"length":5.303292706040467,"angle":-3.1428740055660183,"object_id":"1c2"},{"center":{"x":14.09122403591573,"y":2.2994977842040774},"width":3.31848663009108,"length":5.653720576165446,"angle":-2.61764720123367,"object_id":"1c5"}]}