{"bounding boxes":[{"center":{"x":25.426375672104058,"y":-16.792475738116234},"width":2.9337373862317175,"length":5.641801044544163,"angle":-4.375198261092681,"object_id":"1c1"},{"center":{"x":17.222534734229882,"y":16.943179597124082},"width":2.820900453003692,"length":5.303292706040467,"angle":-3.1428740055660183,"object_id":"1c2"},{"center":{"x":14.39177727210491,"y":2.6885552595176536},"width":3.31848663009108,"length":5.653720576165446,"angle":-2.61764720123367,"object_id":"1c5"}]}