{"bounding boxes":[{"center":{"x":25.037318323164158,"y":-16.491922536744703},"width":2.9337373862317175,"length":5.641801044544163,"angle":-4.375198261092681,"object_id":"1c1"},{"center":{"x":17.164916828556294,"y":18.074860391880204},"width":2.820900453003692,"length":5.303292706040467,"angle":-3.1428740055660183,"object_id":"1c2"},{"center":{"x":14.820481093853008,"y":3.4445441827500654},"width":3.31848663009108,"length":5.653720576165445,"angle":-2.61764720123367,"object_id":"1c5"}]}