{"bounding boxes":[{"center":{"x":25.037318323164158,"y":-16.491922536744703},"width":2.933737386231714,"length":5.6418010445441595,"angle":-4.334554934106898,"object_id":"1c1"},{"center":{"x":17.226689324569122,"y":18.95900015090743},"width":2.820900453003692,"length":5.303292706040469,"angle":-3.1428740055660183,"object_id":"1c2"},{"center":{"x":14.873493364224561,"y":3.7142112344766014},"width":3.318486630091082,"length":5.653720576165443,"angle":-2.7752930228621633,"object_id":"1c5"}]}