{"bounding boxes":[{"center":{"x":24.94005398607598,"y":-16.4167842365152},"width":2.933737386231714,"length":5.6418010445441595,"angle":-4.334554934106898,"object_id":"1c1"},{"center":{"x":17.438738477513105,"y":20.037668748830505},"width":2.820900453003692,"length":5.303292706040469,"angle":-3.1428740055660183,"object_id":"1c2"},{"center":{"x":15.28007115881659,"y":4.642602844597724},"width":3.318486630091082,"length":5.653720576165444,"angle":-2.7752930228621633,"object_id":"1c5"}]}