{"bounding boxes":[{"center":{"x":24.453732299901095,"y":-16.041092734800745},"width":2.933737386231714,"length":5.6418010445441595,"angle":-4.334554934106898,"object_id":"1c1"},{"center":{"x":17.597775342780388,"y":20.84667020527776},"width":2.820900453003692,"length":5.303292706040469,"angle":-3.1428740055660183,"object_id":"1c2"},{"center":{"x":15.558498368233082,"y":5.2040630336895495},"width":3.3184866300910856,"length":5.653720576165442,"angle":-2.7752930228621633,"object_id":"1c5"}]}