{"bounding boxes":[{"center":{"x":23.989536639421015,"y":-15.837803866349777},"width":2.9337373862317153,"length":5.6418010445441595,"angle":-4.334554934106898,"object_id":"1c1"},{"center":{"x":15.664522915082157,"y":5.743397169923074},"width":3.3184866300910887,"length":5.653720576165442,"angle":-2.7752930228621633,"object_id":"1c5"}]}