{"bounding boxes":[{"center":{"x":23.697743626835514,"y":-15.612388964640836},"width":2.9337373862317166,"length":5.641801044544159,"angle":-4.250466234691257,"object_id":"1c1"},{"center":{"x":15.898698054718746,"y":6.649662771926923},"width":3.31848663009109,"length":5.653720576165443,"angle":-2.8755361703361335,"object_id":"1c5"}]}