{"bounding boxes":[{"center":{"x":23.30868627789565,"y":-15.311835763269263},"width":2.933737386231713,"length":5.641801044544159,"angle":-4.250466234691257,"object_id":"1c1"},{"center":{"x":15.960470530906617,"y":7.533802326909227},"width":3.318486630091087,"length":5.653720576165443,"angle":-2.8755361703361335,"object_id":"1c5"}]}