{"bounding boxes":[{"center":{"x":23.016893265750422,"y":-15.086420861900466},"width":2.933737386231713,"length":5.641801044544159,"angle":-4.250466234691257,"object_id":"1c1"},{"center":{"x":15.8940924164153,"y":8.051010413086159},"width":3.318486630091088,"length":5.653720576165444,"angle":-2.929137278335456,"object_id":"1c5"}]}