{"bounding boxes":[{"center":{"x":22.605709889141675,"y":-14.613465030427683},"width":2.9337373862317153,"length":5.64180104454416,"angle":-4.119277288184084,"object_id":"1c1"},{"center":{"x":16.053129248450084,"y":8.86001166178452},"width":3.318486630091086,"length":5.653720576165445,"angle":-2.929137278335456,"object_id":"1c5"}]}