{"bounding boxes":[{"center":{"x":22.119388202966825,"y":-14.23777352871323},"width":2.9337373862317153,"length":5.64180104454416,"angle":-4.119277288184084,"object_id":"1c1"},{"center":{"x":16.190040048189175,"y":9.841415621965565},"width":3.3184866300910842,"length":5.653720576165444,"angle":-3.005670520185734,"object_id":"1c5"}]}