{"bounding boxes":[{"center":{"x":21.924859527616277,"y":-14.087496927347173},"width":2.9337373862317113,"length":5.6418010445441595,"angle":-3.991447397208084,"object_id":"1c1"},{"center":{"x":16.304824815358586,"y":10.995222347274746},"width":3.3184866300910842,"length":5.653720576165444,"angle":-3.005670520185734,"object_id":"1c5"}]}