{"bounding boxes":[{"center":{"x":21.49155012521818,"y":-13.442138453632147},"width":2.933737386231709,"length":5.6418010445441595,"angle":-3.991447397208084,"object_id":"1c1"},{"center":{"x":16.46386166275225,"y":11.804223674101875},"width":3.3184866300910842,"length":5.653720576165444,"angle":-3.005670520185734,"object_id":"1c5"}]}