{"bounding boxes":[{"center":{"x":21.27489542194417,"y":-13.119459213999972},"width":2.9337373862317073,"length":5.641801044544157,"angle":-3.863100101938573,"object_id":"1c1"},{"center":{"x":16.600772471978765,"y":12.785627722103415},"width":3.3184866300910842,"length":5.653720576165444,"angle":-3.005670520185734,"object_id":"1c5"}]}