{"bounding boxes":[{"center":{"x":20.766447704843717,"y":-12.571365071231462},"width":2.933737386231706,"length":5.641801044544157,"angle":-3.863100101938573,"object_id":"1c1"},{"center":{"x":16.66254496072097,"y":13.669767377067334},"width":3.3184866300910842,"length":5.653720576165443,"angle":-3.005670520185734,"object_id":"1c5"}]}