{"bounding boxes":[{"center":{"x":20.766447704843717,"y":-12.571365071231462},"width":2.9337373862317024,"length":5.641801044544155,"angle":-3.811976129167723,"object_id":"1c1"},{"center":{"x":16.843707849384955,"y":14.30636602344491},"width":3.318486630091082,"length":5.653720576165437,"angle":-3.0775858927507223,"object_id":"1c5"}]}