{"bounding boxes":[{"center":{"x":20.257999984834353,"y":-12.023270924340867},"width":2.9337373862317024,"length":5.641801044544155,"angle":-3.811976129167723,"object_id":"1c1"},{"center":{"x":16.755203694821468,"y":14.995976910543968},"width":3.318486630091082,"length":5.653720576165437,"angle":-3.0775858927507223,"object_id":"1c5"}]}