{"bounding boxes":[{"center":{"x":20.04134528018583,"y":-11.70059168224073},"width":2.933737386231703,"length":5.641801044544155,"angle":-3.7303143068934808,"object_id":"1c1"},{"center":{"x":16.503057060780037,"y":16.277934298407708},"width":3.318486630091082,"length":5.653720576165437,"angle":-3.0775858927507223,"object_id":"1c5"}]}