{"bounding boxes":[{"center":{"x":19.70530020318589,"y":-11.130371485662899},"width":2.933737386231706,"length":5.641801044544157,"angle":-3.682349185521201,"object_id":"1c1"},{"center":{"x":16.781484314214694,"y":16.839394650356162},"width":3.318486630091082,"length":5.653720576165437,"angle":-3.0775858927507223,"object_id":"1c5"}]}