{"bounding boxes":[{"center":{"x":19.519531746650227,"y":-10.365622614192189},"width":2.933737386231705,"length":5.6418010445441595,"angle":-3.647357568910508,"object_id":"1c1"},{"center":{"x":16.76811848399828,"y":17.62626997766175},"width":3.318486630091082,"length":5.653720576165437,"angle":-3.0775858927507223,"object_id":"1c5"}]}