{"bounding boxes":[{"center":{"x":19.30287703629027,"y":-10.042943361586486},"width":2.933737386231705,"length":5.6418010445441595,"angle":-3.647357568910508,"object_id":"1c1"},{"center":{"x":16.29055686953175,"y":18.61643419310029},"width":3.318486630091082,"length":5.653720576165437,"angle":-3.0775858927507223,"object_id":"1c5"}]}