{"bounding boxes":[{"center":{"x":19.13923460503484,"y":-9.450597116028268},"width":2.933737386231705,"length":5.6418010445441595,"angle":-3.647357568910508,"object_id":"1c1"},{"center":{"x":16.396581441095627,"y":19.155768480854462},"width":3.318486630091082,"length":5.653720576165437,"angle":-3.0775858927507223,"object_id":"1c5"}]}