{"bounding boxes":[{"center":{"x":18.975592171671064,"y":-8.858250867435164},"width":2.933737386231705,"length":5.6418010445441595,"angle":-3.647357568910508,"object_id":"1c1"}]}