{"bounding boxes":[{"center":{"x":18.66167311800505,"y":-8.4604333083904},"width":2.9337373862317055,"length":5.641801044544159,"angle":-3.647357568910508,"object_id":"1c1"}]}