{"bounding boxes":[{"center":{"x":18.228363689425645,"y":-7.81507479242026},"width":2.933737386231702,"length":5.641801044544161,"angle":-3.540582959945848,"object_id":"1c1"}]}