{"bounding boxes":[{"center":{"x":18.06472125240449,"y":-7.2227285297525485},"width":2.933737386231702,"length":5.64180104454416,"angle":-3.540582959945848,"object_id":"1c1"}]}