{"bounding boxes":[{"center":{"x":17.901078812674026,"y":-6.630382259367242},"width":2.933737386231703,"length":5.641801044544159,"angle":-3.427418979998991,"object_id":"1c1"}]}