{"bounding boxes":[{"center":{"x":17.812574681465037,"y":-5.940771628418525},"width":2.9337373862317024,"length":5.641801044544157,"angle":-3.427418979998991,"object_id":"1c1"}]}