{"bounding boxes":[{"center":{"x":17.777082826114967,"y":-4.981493977168037},"width":2.933737386231703,"length":5.641801044544157,"angle":-3.427418979998991,"object_id":"1c1"}]}