{"bounding boxes":[{"center":{"x":17.32164735196793,"y":-4.163732769929},"width":2.933737386231703,"length":5.641801044544157,"angle":-3.427418979998991,"object_id":"1c1"}]}