{"bounding boxes":[{"center":{"x":17.113752836461398,"y":-3.2265811429327407},"width":2.933737386231703,"length":5.641801044544157,"angle":-3.427418979998991,"object_id":"1c1"}]}