{"bounding boxes":[{"center":{"x":17.078260974661227,"y":-2.267303444514976},"width":2.9337373862317015,"length":5.641801044544155,"angle":-3.34966452521009,"object_id":"1c1"}]}