{"bounding boxes":[{"center":{"x":16.936744559210048,"y":-1.8473597973940181},"width":2.9337373862317015,"length":5.641801044544155,"angle":-3.34966452521009,"object_id":"1c1"}]}