{"bounding boxes":[{"center":{"x":17.04276911161808,"y":-1.3080257292005688},"width":2.9337373862317015,"length":5.641801044544155,"angle":-3.34966452521009,"object_id":"1c1"}]}