{"bounding boxes":[{"center":{"x":16.954264973144443,"y":-0.6184150457681044},"width":2.9337373862317015,"length":5.641801044544155,"angle":-3.34966452521009,"object_id":"1c1"}]}