{"bounding boxes":[{"center":{"x":16.887886870950275,"y":-0.10120703377389617},"width":2.933737386231704,"length":5.641801044544156,"angle":-3.238721275389269,"object_id":"1c1"}]}