{"bounding boxes":[{"center":{"x":25.67838531545853,"y":-16.98548212866913},"width":2.738063298721735,"length":5.4425746852095225,"angle":-4.3510793700964525,"object_id":"1d1"},{"center":{"x":19.152688284360664,"y":-45.63354591371072},"width":2.612055433486738,"length":4.933878519918524,"angle":-3.1492955359812713,"object_id":"1d2"}]}