{"bounding boxes":[{"center":{"x":25.139477569870564,"y":-16.80770238074339},"width":2.738063298721735,"length":5.4425746852095225,"angle":-4.3510793700964525,"object_id":"1d1"},{"center":{"x":19.114178187742215,"y":-45.18812970588603},"width":2.612055433486738,"length":4.933878519918524,"angle":-3.1492955359812713,"object_id":"1d2"}]}