{"bounding boxes":[{"center":{"x":24.736205330210236,"y":-16.46861375352485},"width":2.738063298721735,"length":5.4425746852095225,"angle":-4.3510793700964525,"object_id":"1d1"},{"center":{"x":19.13064911117689,"y":-44.51358705754023},"width":2.612055433486738,"length":4.933878519918524,"angle":-3.1492955359812713,"object_id":"1d2"}]}