{"bounding boxes":[{"center":{"x":24.400750843367213,"y":-16.04887068757544},"width":2.738063298721733,"length":5.442574685209523,"angle":-4.284801730050256,"object_id":"1d1"},{"center":{"x":19.01148459478423,"y":-44.000353137975935},"width":2.612055433486738,"length":4.933878519918524,"angle":-3.1492955359812713,"object_id":"1d2"}]}