{"bounding boxes":[{"center":{"x":23.99747860370685,"y":-15.709782060356872},"width":2.738063298721735,"length":5.442574685209523,"angle":-4.284801730050256,"object_id":"1d1"},{"center":{"x":19.095773242095753,"y":-43.24515611299027},"width":2.612055433486738,"length":4.933878519918524,"angle":-3.1492955359812713,"object_id":"1d2"}]}