{"bounding boxes":[{"center":{"x":23.44573416515594,"y":-15.383530149650541},"width":2.738063298721738,"length":5.442574685209523,"angle":-4.284801730050256,"object_id":"1d1"},{"center":{"x":19.112244166780066,"y":-42.57061344907494},"width":2.612055433486738,"length":4.933878519918524,"angle":-3.1492955359812713,"object_id":"1d2"},{"center":{"x":31.007857768930158,"y":-21.853942856440813},"width":2.8451900025256283,"length":5.4796225067833495,"angle":-4.622398729765723,"object_id":"1d3"}]}