{"bounding boxes":[{"center":{"x":23.12311637196718,"y":-15.112259246647685},"width":2.7380632987217433,"length":5.4425746852095225,"angle":-4.1585139372603885,"object_id":"1d1"},{"center":{"x":19.15438848607898,"y":-42.19301492273879},"width":2.612055433486738,"length":4.933878519918524,"angle":-3.1492955359812713,"object_id":"1d2"},{"center":{"x":30.723750044201616,"y":-22.028088424285617},"width":2.8451900025256283,"length":5.4796225067833495,"angle":-4.622398729765723,"object_id":"1d3"}]}