{"bounding boxes":[{"center":{"x":22.558535236199333,"y":-14.637535168337056},"width":2.7380632987217433,"length":5.4425746852095225,"angle":-4.1585139372603885,"object_id":"1d1"},{"center":{"x":18.96740624271643,"y":-41.76043536100887},"width":2.612055433486738,"length":4.933878519918524,"angle":-3.1492955359812713,"object_id":"1d2"},{"center":{"x":30.278333427381845,"y":-22.0665985444154},"width":2.8451900025256283,"length":5.4796225067833495,"angle":-4.622398729765723,"object_id":"1d3"}]}