{"bounding boxes":[{"center":{"x":22.074608545442562,"y":-14.230628813014054},"width":2.738063298721738,"length":5.4425746852095225,"angle":-4.006303235357022,"object_id":"1d1"},{"center":{"x":18.686932874245123,"y":-41.11156600618309},"width":2.612055433486738,"length":4.933878519918524,"angle":-3.1492955359812713,"object_id":"1d2"},{"center":{"x":29.900734569979164,"y":-22.02445423427233},"width":2.8451900025256283,"length":5.4796225067833495,"angle":-4.622398729765723,"object_id":"1d3"}]}