{"bounding boxes":[{"center":{"x":21.739154052276227,"y":-13.810885740501288},"width":2.7380632987217366,"length":5.4425746852095225,"angle":-4.006303235357022,"object_id":"1d1"},{"center":{"x":18.729077192315586,"y":-40.733967472165865},"width":2.612055433486738,"length":4.933878519918524,"angle":-3.1492955359812713,"object_id":"1d2"},{"center":{"x":29.455317958287445,"y":-22.062964354974493},"width":2.8451900025256283,"length":5.4796225067833495,"angle":-4.622398729765723,"object_id":"1d3"}]}