{"bounding boxes":[{"center":{"x":21.323045109114375,"y":-13.323324939563209},"width":2.738063298721741,"length":5.442574685209525,"angle":-3.8423298965517394,"object_id":"1d1"},{"center":{"x":18.716240491306902,"y":-40.58549538862983},"width":2.612055433486738,"length":4.933878519918524,"angle":-3.1492955359812713,"object_id":"1d2"},{"center":{"x":29.09055579441165,"y":-22.16929219977616},"width":2.8451900025256283,"length":5.4796225067833495,"angle":-4.622398729765723,"object_id":"1d3"}]}