{"bounding boxes":[{"center":{"x":20.758463969330183,"y":-12.848600857875518},"width":2.7380632987217424,"length":5.442574685209525,"angle":-3.8423298965517394,"object_id":"1d1"},{"center":{"x":18.758384809034187,"y":-40.20789684933794},"width":2.612055433486738,"length":4.933878519918524,"angle":-3.1492955359812713,"object_id":"1d2"},{"center":{"x":28.428849243120588,"y":-22.301293453908634},"width":2.8451900025256283,"length":5.4796225067833495,"angle":-4.622398729765723,"object_id":"1d3"}]}