{"bounding boxes":[{"center":{"x":20.465153810874853,"y":-12.051258977806977},"width":2.7380632987217424,"length":5.442574685209525,"angle":-3.8423298965517394,"object_id":"1d1"},{"center":{"x":18.71987470582507,"y":-39.762480584864235},"width":2.612055433486738,"length":4.933878519918524,"angle":-3.1492955359812713,"object_id":"1d2"},{"center":{"x":28.119068151120572,"y":-22.178494713539465},"width":2.8451900025256283,"length":5.4796225067833495,"angle":-4.622398729765723,"object_id":"1d3"}]}