{"bounding boxes":[{"center":{"x":20.11686260854208,"y":-11.483043723487276},"width":2.738063298721746,"length":5.442574685209524,"angle":-3.7069945020462587,"object_id":"1d1"},{"center":{"x":18.694201303967777,"y":-39.465536409201114},"width":2.612055433486738,"length":4.933878519918524,"angle":-3.1492955359812713,"object_id":"1d2"},{"center":{"x":27.512342668342242,"y":-22.081369387983415},"width":2.8451900025256283,"length":5.4796225067833495,"angle":-4.622398729765723,"object_id":"1d3"}]}