{"bounding boxes":[{"center":{"x":19.526608057633318,"y":-10.711375287155414},"width":2.7380632987217473,"length":5.442574685209524,"angle":-3.627077789013286,"object_id":"1d1"},{"center":{"x":18.74918232556882,"y":-39.23640994089621},"width":2.612055433486738,"length":4.933878519918524,"angle":-3.1492955359812713,"object_id":"1d2"},{"center":{"x":26.999108321263876,"y":-22.200533937557907},"width":2.8451900025256283,"length":5.479622506783351,"angle":-4.700359429975049,"object_id":"1d3"}]}