{"bounding boxes":[{"center":{"x":19.097662397631716,"y":-10.07534229006373},"width":2.7380632987217473,"length":5.442574685209524,"angle":-3.627077789013286,"object_id":"1d1"},{"center":{"x":18.73634562503015,"y":-39.087937852353775},"width":2.612055433486738,"length":4.933878519918524,"angle":-3.1492955359812713,"object_id":"1d2"},{"center":{"x":26.256747344345385,"y":-22.264717468381125},"width":2.8451900025256283,"length":5.479622506783351,"angle":-4.700359429975049,"object_id":"1d3"}]}