{"bounding boxes":[{"center":{"x":18.96566112563553,"y":-9.413635842171333},"width":2.7380632987217473,"length":5.442574685209524,"angle":-3.627077789013286,"object_id":"1d1"},{"center":{"x":18.778489945439432,"y":-38.710339286647155},"width":2.612055433486738,"length":4.933878519918524,"angle":-3.1492955359812713,"object_id":"1d2"},{"center":{"x":25.71783962601844,"y":-22.086937715954146},"width":2.8451900025256283,"length":5.479622506783351,"angle":-4.700359429975049,"object_id":"1d3"}]}