{"bounding boxes":[{"center":{"x":18.52387875611295,"y":-8.629130651340468},"width":2.738063298721747,"length":5.442574685209525,"angle":-3.6076907922388055,"object_id":"1d1"},{"center":{"x":18.67216211908373,"y":-38.345577399427285},"width":2.612055433486738,"length":4.933878519918524,"angle":-3.1492955359812713,"object_id":"1d2"},{"center":{"x":24.89482422205672,"y":-22.08330353058773},"width":2.8451900025256283,"length":5.479622506783351,"angle":-4.700359429975049,"object_id":"1d3"}]}