{"bounding boxes":[{"center":{"x":18.001441932805417,"y":-7.776807732637605},"width":2.7380632987217464,"length":5.442574685209527,"angle":-3.5049645375702987,"object_id":"1d1"},{"center":{"x":18.67216211908373,"y":-38.345577399427285},"width":2.612055433486738,"length":4.933878519918524,"angle":-3.1492955359812713,"object_id":"1d2"},{"center":{"x":23.99115439293213,"y":-22.01185161814762},"width":2.8451900025256283,"length":5.479622506783351,"angle":-4.700359429975049,"object_id":"1d3"}]}