{"bounding boxes":[{"center":{"x":17.869440653041384,"y":-7.115101254945188},"width":2.7380632987217455,"length":5.442574685209526,"angle":-3.5049645375702987,"object_id":"1d1"},{"center":{"x":18.72714314112703,"y":-38.11645092318412},"width":2.612055433486738,"length":4.933878519918524,"angle":-3.1492955359812713,"object_id":"1d2"},{"center":{"x":23.39726563835984,"y":-22.06319844137798},"width":2.8451900025256283,"length":5.479622506783351,"angle":-4.700359429975049,"object_id":"1d3"}]}