{"bounding boxes":[{"center":{"x":17.64394821195162,"y":-6.237104849827569},"width":2.7380632987217455,"length":5.442574685209528,"angle":-3.5049645375702987,"object_id":"1d1"},{"center":{"x":18.862778589162136,"y":-37.95514215227435},"width":2.612055433486738,"length":4.933878519918524,"angle":-3.1492955359812713,"object_id":"1d2"},{"center":{"x":22.709885763179116,"y":-21.898255402167365},"width":2.8451900025256283,"length":5.479622506783351,"angle":-4.700359429975049,"object_id":"1d3"}]}