{"bounding boxes":[{"center":{"x":17.511946928790376,"y":-5.575398357644566},"width":2.738063298721745,"length":5.442574685209528,"angle":-3.5049645375702987,"object_id":"1d1"},{"center":{"x":18.862778589162136,"y":-37.95514215227435},"width":2.612055433486738,"length":4.933878519918524,"angle":-3.1492955359812713,"object_id":"1d2"},{"center":{"x":22.035342588091044,"y":-21.881784506386538},"width":2.8451900025256283,"length":5.479622506783351,"angle":-4.700359429975049,"object_id":"1d3"},{"center":{"x":41.764969623972604,"y":-21.96166273559898},"width":2.7628802460793067,"length":6.007610316470284,"angle":95.75941580316582,"object_id":"1d4"}]}