{"bounding boxes":[{"center":{"x":17.260781062677246,"y":-4.400457527193978},"width":2.738063298721741,"length":5.442574685209528,"angle":-3.430777424761627,"object_id":"1d1"},{"center":{"x":18.862778589162136,"y":-37.95514215227435},"width":2.612055433486738,"length":4.933878519918524,"angle":-3.1492955359812713,"object_id":"1d2"},{"center":{"x":21.373636127340276,"y":-22.013785755625364},"width":2.8451900025256283,"length":5.479622506783351,"angle":-4.700359429975049,"object_id":"1d3"},{"center":{"x":41.009771765227136,"y":-21.87737410563757},"width":2.7628802460793067,"length":6.007610316470284,"angle":95.75941580316582,"object_id":"1d4"}]}