{"bounding boxes":[{"center":{"x":16.806161958732645,"y":-3.467480092185088},"width":2.738063298721741,"length":5.442574685209528,"angle":-3.430777424761627,"object_id":"1d1"},{"center":{"x":18.917759611736443,"y":-37.72601567564658},"width":2.612055433486738,"length":4.933878519918524,"angle":-3.1492955359812713,"object_id":"1d2"},{"center":{"x":20.550620787620147,"y":-22.010151564027566},"width":2.8451900025256283,"length":5.479622506783351,"angle":-4.700359429975049,"object_id":"1d3"},{"center":{"x":40.40304615154741,"y":-21.780248768489074},"width":2.7628802460793067,"length":6.007610316470284,"angle":95.75941580316582,"object_id":"1d4"}]}