{"bounding boxes":[{"center":{"x":16.686997375974748,"y":-2.9542457652994063},"width":2.738063298721737,"length":5.442574685209528,"angle":-3.339973750576044,"object_id":"1d1"},{"center":{"x":18.824268485510068,"y":-37.50972587745596},"width":2.612055433486738,"length":4.933878519918524,"angle":-3.1492955359812713,"object_id":"1d2"},{"center":{"x":19.579133311641222,"y":-22.019354078448316},"width":2.8451900025256283,"length":5.479622506783351,"angle":-4.700359429975049,"object_id":"1d3"},{"center":{"x":40.02544722709812,"y":-21.73810445432415},"width":2.7628802460793067,"length":6.007610316470284,"angle":95.75941580316582,"object_id":"1d4"}]}