{"bounding boxes":[{"center":{"x":16.435831503171883,"y":-1.7793048914126304},"width":2.738063298721737,"length":5.442574685209528,"angle":-3.339973750576044,"object_id":"1d1"},{"center":{"x":18.824268485510068,"y":-37.50972587745596},"width":2.612055433486738,"length":4.933878519918524,"angle":-3.1492955359812713,"object_id":"1d2"},{"center":{"x":18.9724079132466,"y":-21.922228759026673},"width":2.8451900025256283,"length":5.479622506783351,"angle":-4.700359429975049,"object_id":"1d3"},{"center":{"x":39.809157216060306,"y":-21.831595600815213},"width":2.7628802460793067,"length":6.007610316470284,"angle":95.75941580316582,"object_id":"1d4"}]}