{"bounding boxes":[{"center":{"x":16.45230241001967,"y":-1.1047616100149271},"width":2.738063298721737,"length":5.442574685209528,"angle":-3.339973750576044,"object_id":"1d1"},{"center":{"x":18.879249509743673,"y":-37.28059939391328},"width":2.612055433486738,"length":4.933878519918524,"angle":-3.1492955359812713,"object_id":"1d2"},{"center":{"x":18.149392618622624,"y":-21.91859457210707},"width":2.8451900025256283,"length":5.479622506783351,"angle":-4.700359429975049,"object_id":"1d3"},{"center":{"x":39.28308606212337,"y":-21.802287997794966},"width":2.7628802460793067,"length":6.007610316470284,"angle":95.75941580316582,"object_id":"1d4"}]}