{"bounding boxes":[{"center":{"x":19.01851917641566,"y":-36.2962757533115},"width":2.612055433486738,"length":4.933878519918524,"angle":-3.1492955359812713,"object_id":"1d2"},{"center":{"x":3.4193307737867853,"y":-21.597907231732243},"width":2.8451900025256283,"length":5.479622506783362,"angle":-4.700359429975049,"object_id":"1d3"},{"center":{"x":33.89957595213503,"y":-21.81899299446846},"width":2.7628802460793067,"length":6.007610316470284,"angle":95.75941580316582,"object_id":"1d4"},{"center":{"x":15.529794658225558,"y":-37.98194850500954},"width":2.602374371356916,"length":4.61061165830741,"angle":-3.1469330140589755,"object_id":"1d5"}]}