{"bounding boxes":[{"center":{"x":18.736796347832318,"y":-35.76954172264442},"width":2.612055433486738,"length":4.933878519918524,"angle":-3.1492955359812713,"object_id":"1d2"},{"center":{"x":-0.671141579371791,"y":-21.636654691956046},"width":2.8451900025256283,"length":5.479622506783362,"angle":-4.700359429975049,"object_id":"1d3"},{"center":{"x":32.77854558327125,"y":-21.601006296069254},"width":2.7628802460793067,"length":6.007610316470284,"angle":95.75941580316582,"object_id":"1d4"},{"center":{"x":15.533620117336522,"y":-37.115617078165045},"width":2.602374371356916,"length":4.61061165830741,"angle":-3.1469330140589755,"object_id":"1d5"}]}