{"bounding boxes":[{"center":{"x":18.682747074495655,"y":-35.14439602546483},"width":2.612055433486738,"length":4.933878519918524,"angle":-3.1492955359812713,"object_id":"1d2"},{"center":{"x":-2.3902924069256004,"y":-21.785290223946497},"width":2.8451900025256283,"length":5.479622506783362,"angle":-4.700359429975049,"object_id":"1d3"},{"center":{"x":31.983600594703987,"y":-21.512281432840506},"width":2.7628802460793067,"length":6.007610316470284,"angle":95.75941580316582,"object_id":"1d4"},{"center":{"x":15.50659547213241,"y":-36.80304425039007},"width":2.6023743713569125,"length":4.61061165830741,"angle":-3.1469330140589755,"object_id":"1d5"}]}