{"bounding boxes":[{"center":{"x":18.70008487789458,"y":-34.434350959668876},"width":2.612055433486738,"length":4.933878519918524,"angle":-3.1492955359812713,"object_id":"1d2"},{"center":{"x":-5.855618604626379,"y":-21.76998839247588},"width":2.8451900025256283,"length":5.479622506783363,"angle":-4.700359429975049,"object_id":"1d3"},{"center":{"x":31.983600594703987,"y":-21.512281432840506},"width":2.7628802460793067,"length":6.007610316470284,"angle":95.75941580316582,"object_id":"1d4"},{"center":{"x":15.367646786488061,"y":-36.106511528305916},"width":2.602374371356907,"length":4.61061165830741,"angle":-3.1469330140589755,"object_id":"1d5"}]}