{"bounding boxes":[{"center":{"x":18.433663978457833,"y":-30.44229076728663},"width":2.6120554334867374,"length":4.933878519918518,"angle":-3.1492955359812713,"object_id":"1d2"},{"center":{"x":30.277961043434434,"y":-21.817203482368203},"width":2.762880246079307,"length":6.00761031647027,"angle":95.75941580316582,"object_id":"1d4"},{"center":{"x":15.34827305144336,"y":-34.061275760460205},"width":2.602374371356902,"length":4.61061165830741,"angle":-3.1469330140589755,"object_id":"1d5"},{"center":{"x":31.480098902789457,"y":-17.89293307625248},"width":2.552819397334489,"length":5.503918623149849,"angle":-4.616668696590547,"object_id":"1d6"}]}