{"bounding boxes":[{"center":{"x":18.35259006037813,"y":-29.504572118505116},"width":2.6120554334867374,"length":4.933878519918507,"angle":-3.1492955359812713,"object_id":"1d2"},{"center":{"x":30.277961043434434,"y":-21.817203482368203},"width":2.762880246079307,"length":6.00761031647027,"angle":95.75941580316582,"object_id":"1d4"},{"center":{"x":15.35209850521834,"y":-33.194944280142906},"width":2.6023743713568948,"length":4.61061165830741,"angle":-3.1469330140589755,"object_id":"1d5"},{"center":{"x":31.238912940841384,"y":-17.835058324862857},"width":2.552819397334489,"length":5.503918623149845,"angle":-4.616668696590547,"object_id":"1d6"}]}