{"bounding boxes":[{"center":{"x":18.306191745134193,"y":-27.146763128796124},"width":2.612055433486734,"length":4.933878519918507,"angle":-3.1492955359812713,"object_id":"1d2"},{"center":{"x":30.277961043434434,"y":-21.817203482368203},"width":2.762880246079307,"length":6.00761031647027,"angle":95.75941580316582,"object_id":"1d4"},{"center":{"x":15.20346294232015,"y":-31.47579356776258},"width":2.6023743713568894,"length":4.610611658307403,"angle":-3.1469330140589755,"object_id":"1d5"},{"center":{"x":30.997726980733344,"y":-17.77718357414572},"width":2.552819397334489,"length":5.503918623149845,"angle":-4.616668696590547,"object_id":"1d6"}]}