{"bounding boxes":[{"center":{"x":17.945184564500416,"y":-22.060697084986465},"width":2.612055433486734,"length":4.933878519918507,"angle":-3.1492955359812713,"object_id":"1d2"},{"center":{"x":29.72420204435837,"y":-21.786353374444044},"width":2.762880246079307,"length":6.007610316470277,"angle":95.75941580316582,"object_id":"1d4"},{"center":{"x":14.994916660852951,"y":-27.242547420868824},"width":2.6023743713568805,"length":4.610611658307406,"angle":-3.1469330140589755,"object_id":"1d5"},{"center":{"x":30.75654102332725,"y":-17.71930882307619},"width":2.552819397334489,"length":5.503918623149849,"angle":-4.616668696590547,"object_id":"1d6"}]}