{"bounding boxes":[{"center":{"x":18.070374660427714,"y":-16.224048189595496},"width":2.612055433486734,"length":4.933878519918513,"angle":-3.1492955359812713,"object_id":"1d2"},{"center":{"x":28.929257105537552,"y":-21.697628514992594},"width":2.7628802460793067,"length":6.007610316470274,"angle":95.75941580316582,"object_id":"1d4"},{"center":{"x":14.946482297609613,"y":-22.129456904415328},"width":2.602374371356884,"length":4.610611658307406,"angle":-3.1469330140589755,"object_id":"1d5"},{"center":{"x":30.75654102332725,"y":-17.71930882307619},"width":2.552819397334489,"length":5.503918623149849,"angle":-4.616668696590547,"object_id":"1d6"}]}