{"bounding boxes":[{"center":{"x":18.116526708572746,"y":-12.204961860481976},"width":2.612055433486734,"length":4.933878519918513,"angle":-3.1492955359812713,"object_id":"1d2"},{"center":{"x":28.929257105537552,"y":-21.697628514992594},"width":2.7628802460793067,"length":6.007610316470274,"angle":95.75941580316582,"object_id":"1d4"},{"center":{"x":14.737935992035979,"y":-17.89620987824648},"width":2.602374371356884,"length":4.61061165830741,"angle":-3.1469330140589755,"object_id":"1d5"},{"center":{"x":30.75654102332725,"y":-17.71930882307619},"width":2.552819397334489,"length":5.503918623149849,"angle":-4.616668696590547,"object_id":"1d6"}]}