{"bounding boxes":[{"center":{"x":18.091291666688928,"y":-8.270774619821472},"width":2.612055433486734,"length":4.933878519918513,"angle":-3.1492955359812713,"object_id":"1d2"},{"center":{"x":27.026794228804086,"y":-21.54720344529513},"width":2.7628802460793067,"length":6.007610316470274,"angle":95.75941580316582,"object_id":"1d4"},{"center":{"x":14.583438973162236,"y":-14.288108532064001},"width":2.6023743713568894,"length":4.610611658307417,"angle":-3.1469330140589755,"object_id":"1d5"},{"center":{"x":30.75654102332725,"y":-17.71930882307619},"width":2.552819397334489,"length":5.503918623149849,"angle":-4.616668696590547,"object_id":"1d6"}]}