{"bounding boxes":[{"center":{"x":18.180016571722202,"y":-7.475829720420698},"width":2.612055433486734,"length":4.933878519918511,"angle":-3.1492955359812713,"object_id":"1d2"},{"center":{"x":26.557934669487587,"y":-21.58774041597436},"width":2.7628802460793067,"length":6.007610316470274,"angle":95.75941580316582,"object_id":"1d4"},{"center":{"x":14.658651511168777,"y":-13.336877276550782},"width":2.602374371356891,"length":4.610611658307421,"angle":-3.1469330140589755,"object_id":"1d5"},{"center":{"x":29.47922412343084,"y":-17.514834484255537},"width":2.552819397334489,"length":5.503918623149852,"angle":-4.616668696590547,"object_id":"1d6"}]}