{"bounding boxes":[{"center":{"x":17.929143783691153,"y":-6.395336475479558},"width":2.612055433486734,"length":4.933878519918513,"angle":-3.1492955359812713,"object_id":"1d2"},{"center":{"x":26.017688016171334,"y":-21.713176782304277},"width":2.7628802460793067,"length":6.007610316470274,"angle":95.75941580316582,"object_id":"1d4"},{"center":{"x":14.506190459784872,"y":-12.484057751564086},"width":2.602374371356891,"length":4.610611658307421,"angle":-3.1469330140589755,"object_id":"1d5"},{"center":{"x":28.697791454112643,"y":-17.58239613903331},"width":2.552819397334489,"length":5.503918623149852,"angle":-4.616668696590547,"object_id":"1d6"}]}