{"bounding boxes":[{"center":{"x":18.106593588624133,"y":-4.805446587073181},"width":2.612055433486734,"length":4.933878519918513,"angle":-3.1492955359812713,"object_id":"1d2"},{"center":{"x":25.137843711753483,"y":-21.55306485149913},"width":2.7628802460793067,"length":6.007610316470274,"angle":95.75941580316582,"object_id":"1d4"},{"center":{"x":14.795564258398747,"y":-11.278128203199026},"width":2.602374371356893,"length":4.610611658307421,"angle":-3.1469330140589755,"object_id":"1d5"},{"center":{"x":28.30031896502078,"y":-17.5380337207506},"width":2.552819397334489,"length":5.503918623149852,"angle":-4.616668696590547,"object_id":"1d6"}]}