{"bounding boxes":[{"center":{"x":18.23968094492076,"y":-3.613029128667669},"width":2.612055433486734,"length":4.933878519918513,"angle":-3.1492955359812713,"object_id":"1d2"},{"center":{"x":24.27151173072314,"y":-21.549239394506316},"width":2.7628802460793067,"length":6.007610316470274,"angle":95.75941580316582,"object_id":"1d4"},{"center":{"x":14.700977964394742,"y":-10.184122747762196},"width":2.602374371356891,"length":4.610611658307421,"angle":-3.1469330140589755,"object_id":"1d5"},{"center":{"x":27.97423359536903,"y":-17.408771891906365},"width":2.552819397334489,"length":5.503918623149852,"angle":-4.616668696590547,"object_id":"1d6"}]}