{"bounding boxes":[{"center":{"x":18.199143972219126,"y":-3.144169554201102},"width":2.612055433486734,"length":4.933878519918513,"angle":-3.1492955359812713,"object_id":"1d2"},{"center":{"x":23.33379266004301,"y":-21.630313338133977},"width":2.7628802460793067,"length":6.007610316470274,"angle":95.75941580316582,"object_id":"1d4"},{"center":{"x":14.704803417966419,"y":-9.31779082814898},"width":2.602374371356893,"length":4.610611658307421,"angle":-3.1469330140589755,"object_id":"1d5"},{"center":{"x":27.804434755469742,"y":-17.265997731274066},"width":2.552819397334489,"length":5.503918623149852,"angle":-4.616668696590547,"object_id":"1d6"}]}