{"bounding boxes":[{"center":{"x":17.965608977350744,"y":-1.3536306592705443},"width":2.612055433486734,"length":4.933878519918513,"angle":-3.1492955359812713,"object_id":"1d2"},{"center":{"x":22.311174201149093,"y":-21.640000207136264},"width":2.7628802460793067,"length":6.007610316470274,"angle":95.75941580316582,"object_id":"1d4"},{"center":{"x":14.725966645468832,"y":-7.741413449691434},"width":2.602374371356893,"length":4.6106116583074215,"angle":-3.1469330140589755,"object_id":"1d5"},{"center":{"x":27.804434755469742,"y":-17.265997731274066},"width":2.552819397334484,"length":5.503918623149855,"angle":-4.50501003751819,"object_id":"1d6"}]}