{"bounding boxes":[{"center":{"x":18.11220866342783,"y":-0.317499653810271},"width":2.612055433486734,"length":4.933878519918513,"angle":-3.1492955359812713,"object_id":"1d2"},{"center":{"x":21.998601188827486,"y":-21.667024853090144},"width":2.7628802460793067,"length":6.007610316470274,"angle":95.75941580316582,"object_id":"1d4"},{"center":{"x":14.685429659405465,"y":-7.272553930908268},"width":2.602374371356891,"length":4.610611658307421,"angle":-3.1469330140589755,"object_id":"1d5"},{"center":{"x":26.683404420346,"y":-17.04801106999248},"width":2.552819397334484,"length":5.503918623149855,"angle":-4.50501003751819,"object_id":"1d6"}]}