{"bounding boxes":[{"center":{"x":18.129546468274313,"y":0.3925459242474987},"width":2.612055433486734,"length":4.933878519918513,"angle":-3.1492955359812713,"object_id":"1d2"},{"center":{"x":21.047369841134476,"y":-21.591812323410227},"width":2.7628802460793067,"length":6.007610316470274,"angle":95.75941580316582,"object_id":"1d4"},{"center":{"x":14.859053944140573,"y":-6.548996140963677},"width":2.6023743713568894,"length":4.6106116583074215,"angle":-3.1469330140589755,"object_id":"1d5"},{"center":{"x":26.116133108393246,"y":-16.860874495781808},"width":2.552819397334484,"length":5.503918623149855,"angle":-4.50501003751819,"object_id":"1d6"}]}