{"bounding boxes":[{"center":{"x":18.173908923230933,"y":0.7900184460314876},"width":2.612055433486734,"length":4.933878519918513,"angle":-3.1492955359812713,"object_id":"1d2"},{"center":{"x":20.26593731835171,"y":-21.659373941759217},"width":2.7628802460793067,"length":6.007610316470274,"angle":95.75941580316582,"object_id":"1d4"},{"center":{"x":14.777979974336,"y":-5.611277072546728},"width":2.602374371356893,"length":4.610611658307419,"angle":-3.1469330140589755,"object_id":"1d5"},{"center":{"x":25.946334270031354,"y":-16.718100336442163},"width":2.552819397334484,"length":5.503918623149855,"angle":-4.50501003751819,"object_id":"1d6"}]}