{"bounding boxes":[{"center":{"x":18.177734402741404,"y":1.6563505905141818},"width":2.612055433486734,"length":4.933878519918513,"angle":-3.1492955359812713,"object_id":"1d2"},{"center":{"x":19.62727900252252,"y":-21.557136766811812},"width":2.7628802460793067,"length":6.007610316470274,"angle":95.75941580316582,"object_id":"1d4"},{"center":{"x":14.625518910812039,"y":-4.758457423634529},"width":2.602374371356893,"length":4.610611658307419,"angle":-3.1469330140589755,"object_id":"1d5"},{"center":{"x":25.535349489199543,"y":-16.517451431156637},"width":2.5528193973344857,"length":5.503918623149856,"angle":-4.281373215425544,"object_id":"1d6"}]}