{"bounding boxes":[{"center":{"x":18.337846417138515,"y":2.536195113203544},"width":2.612055433486734,"length":4.933878519918513,"angle":-3.1492955359812713,"object_id":"1d2"},{"center":{"x":19.62727900252252,"y":-21.557136766811812},"width":2.7628802460793067,"length":6.007610316470274,"angle":95.75941580316582,"object_id":"1d4"},{"center":{"x":14.642856689906539,"y":-4.048411931080385},"width":2.602374371356893,"length":4.610611658307419,"angle":-3.1469330140589755,"object_id":"1d5"},{"center":{"x":25.19575181298821,"y":-16.2319031129082},"width":2.5528193973344857,"length":5.503918623149856,"angle":-4.281373215425544,"object_id":"1d6"}]}