{"bounding boxes":[{"center":{"x":18.158360712458638,"y":3.7015880116160322},"width":2.612055433486734,"length":4.933878519918513,"angle":-3.1492955359812713,"object_id":"1d2"},{"center":{"x":18.533273520151447,"y":-21.651723028218594},"width":2.7628802460793067,"length":6.007610316470274,"angle":95.75941580316582,"object_id":"1d4"},{"center":{"x":14.57529504631955,"y":-3.266979336231098},"width":2.602374371356893,"length":4.610611658307419,"angle":-3.1469330140589755,"object_id":"1d5"},{"center":{"x":24.856154134727067,"y":-15.946354792936221},"width":2.552819397334489,"length":5.503918623149855,"angle":-4.2268942754781005,"object_id":"1d6"}]}