{"bounding boxes":[{"center":{"x":18.077286758297834,"y":4.639307303061987},"width":2.612055433486734,"length":4.933878519918513,"angle":-3.1492955359812713,"object_id":"1d2"},{"center":{"x":17.51065515076911,"y":-21.661409893758538},"width":2.7628802460793067,"length":6.007610316470274,"angle":95.75941580316582,"object_id":"1d4"},{"center":{"x":14.762431671834273,"y":-2.6997079835498825},"width":2.602374371356893,"length":4.610611658307419,"angle":-3.1469330140589755,"object_id":"1d5"},{"center":{"x":24.190471097930626,"y":-15.531544650405591},"width":2.5528193973344875,"length":5.503918623149856,"angle":-4.2268942754781005,"object_id":"1d6"}]}