{"bounding boxes":[{"center":{"x":18.268248909626397,"y":6.072910987415206},"width":2.612055433486734,"length":4.933878519918513,"angle":-3.1492955359812713,"object_id":"1d2"},{"center":{"x":17.18456984039048,"y":-21.5321480758273},"width":2.7628802460793067,"length":6.007610316470274,"angle":95.75941580316582,"object_id":"1d4"},{"center":{"x":14.569433619884904,"y":-1.3780287198325665},"width":2.602374371356893,"length":4.610611658307419,"angle":-3.1469330140589755,"object_id":"1d5"},{"center":{"x":23.83736110690828,"y":-15.089709838001678},"width":2.552819397334492,"length":5.503918623149856,"angle":-4.2268942754781005,"object_id":"1d6"}]}