{"bounding boxes":[{"center":{"x":18.03088841311772,"y":6.9971179484788095},"width":2.612055433486734,"length":4.933878519918513,"angle":-3.1492955359812713,"object_id":"1d2"},{"center":{"x":16.31823798149859,"y":-21.52832262312425},"width":2.7628802460793067,"length":6.007610316470274,"angle":95.75941580316582,"object_id":"1d4"},{"center":{"x":14.600283728236601,"y":-0.824269701652514},"width":2.602374371356893,"length":4.610611658307419,"angle":-3.1469330140589755,"object_id":"1d5"},{"center":{"x":23.399351694911406,"y":-14.576487944419796},"width":2.552819397334497,"length":5.50391862314986,"angle":-4.097101073630874,"object_id":"1d6"}]}