{"bounding boxes":[{"center":{"x":18.034713894533805,"y":7.863450204202053},"width":2.612055433486734,"length":4.933878519918513,"angle":-3.1492955359812713,"object_id":"1d2"},{"center":{"x":15.139333173534714,"y":-21.551521810075055},"width":2.7628802460793067,"length":6.007610316470274,"angle":95.75941580316582,"object_id":"1d4"},{"center":{"x":14.631133838020608,"y":-0.2705106794282992},"width":2.602374371356893,"length":4.610611658307419,"angle":-3.1469330140589755,"object_id":"1d5"},{"center":{"x":22.96134228095782,"y":-14.063266047443186},"width":2.5528193973344986,"length":5.50391862314986,"angle":-4.097101073630874,"object_id":"1d6"}]}