{"bounding boxes":[{"center":{"x":18.025027052727165,"y":8.886069039006713},"width":2.612055433486734,"length":4.933878519918513,"angle":-3.1492955359812713,"object_id":"1d2"},{"center":{"x":14.514187226733775,"y":-21.605571100954858},"width":2.7628802460793067,"length":6.007610316470272,"angle":95.75941580316582,"object_id":"1d4"},{"center":{"x":14.706346383143659,"y":0.6807208578942552},"width":2.602374371356893,"length":4.610611658307419,"angle":-3.1469330140589755,"object_id":"1d5"},{"center":{"x":22.621744602184265,"y":-13.777717727040322},"width":2.5528193973344986,"length":5.50391862314986,"angle":-4.097101073630874,"object_id":"1d6"}]}