{"bounding boxes":[{"center":{"x":18.11375196906921,"y":9.681014228063589},"width":2.612055433486734,"length":4.933878519918513,"angle":-3.1492955359812713,"object_id":"1d2"},{"center":{"x":14.045327774415531,"y":-21.646108068441873},"width":2.7628802460793067,"length":6.007610316470274,"angle":95.75941580316582,"object_id":"1d4"},{"center":{"x":14.679321724490851,"y":0.9932939209137315},"width":2.6023743713568948,"length":4.610611658307419,"angle":-3.1469330140589755,"object_id":"1d5"},{"center":{"x":22.197247505638956,"y":-13.420782328152587},"width":2.5528193973344986,"length":5.50391862314986,"angle":-4.097101073630874,"object_id":"1d6"}]}