{"bounding boxes":[{"center":{"x":13.335282441520574,"y":-21.62877028997772},"width":2.7628802460793067,"length":6.007610316470274,"angle":95.75941580316582,"object_id":"1d4"},{"center":{"x":14.839433696957812,"y":1.8731384023189799},"width":2.6023743713568983,"length":4.610611658307419,"angle":-3.1469330140589755,"object_id":"1d5"},{"center":{"x":21.929036930641345,"y":-13.050334591889873},"width":2.5528193973344933,"length":5.5039186231498585,"angle":-3.818126623240941,"object_id":"1d6"}]}