{"bounding boxes":[{"center":{"x":12.384051137424997,"y":-21.55355776852712},"width":2.7628802460793063,"length":6.007610316470274,"angle":95.75941580316582,"object_id":"1d4"},{"center":{"x":14.771872051055698,"y":2.6545710844031474},"width":2.6023743713568983,"length":4.610611658307419,"angle":-3.1469330140589755,"object_id":"1d5"},{"center":{"x":21.40612809277254,"y":-12.465725609950464},"width":2.5528193973344937,"length":5.503918623149861,"angle":-3.818126623384329,"object_id":"1d6"}]}