{"bounding boxes":[{"center":{"x":11.6604934960618,"y":-21.379933534918727},"width":2.7628802460793063,"length":6.007610316470274,"angle":95.75941580316582,"object_id":"1d4"},{"center":{"x":14.874109257299175,"y":3.2932295933709055},"width":2.6023743713568983,"length":4.610611658307419,"angle":-3.1469330140589755,"object_id":"1d5"},{"center":{"x":20.968118674934864,"y":-11.952503709270552},"width":2.5528193973344995,"length":5.503918623149857,"angle":-3.717768105788968,"object_id":"1d6"}]}