{"bounding boxes":[{"center":{"x":10.794161712968311,"y":-21.376108078157035},"width":2.7628802460793063,"length":6.007610316470274,"angle":95.75941580316582,"object_id":"1d4"},{"center":{"x":14.864422376302656,"y":4.315848298861678},"width":2.6023743713568948,"length":4.610611658307419,"angle":-3.1469330140589755,"object_id":"1d5"},{"center":{"x":20.82916998210295,"y":-11.2559706347415},"width":2.5528193973344995,"length":5.503918623149857,"angle":-3.717768105788968,"object_id":"1d6"}]}