{"bounding boxes":[{"center":{"x":10.325302289887542,"y":-21.416645044422992},"width":2.7628802460793063,"length":6.007610316470274,"angle":95.75941580316582,"object_id":"1d4"},{"center":{"x":14.796860727906829,"y":5.097281018032715},"width":2.602374371356891,"length":4.610611658307419,"angle":-3.1469330140589755,"object_id":"1d5"},{"center":{"x":20.30626113758389,"y":-10.671361644586037},"width":2.5528193973344937,"length":5.503918623149857,"angle":-3.6152433526575467,"object_id":"1d6"}]}