{"bounding boxes":[{"center":{"x":9.061498200807677,"y":-21.368457169822836},"width":2.7628802460793063,"length":6.0076103164702745,"angle":95.75941580316582,"object_id":"1d4"},{"center":{"x":20.095925333865342,"y":-10.059727965504502},"width":2.5528193973344937,"length":5.503918623149857,"angle":-3.6152433526575467,"object_id":"1d6"}]}