{"bounding boxes":[{"center":{"x":8.436352330055552,"y":-21.422506458166747},"width":2.7628802460793063,"length":6.007610316470273,"angle":95.75941580316582,"object_id":"1d4"},{"center":{"x":19.657915904270308,"y":-9.546506048377864},"width":2.5528193973344835,"length":5.503918623149858,"angle":-3.579460373464899,"object_id":"1d6"}]}