{"bounding boxes":[{"center":{"x":7.811206470367172,"y":-21.476555745316475},"width":2.7628802460793063,"length":6.007610316470272,"angle":95.75941580316582,"object_id":"1d4"},{"center":{"x":19.60386661638635,"y":-8.921360015308402},"width":2.5528193973344835,"length":5.503918623149858,"angle":-3.579460373464899,"object_id":"1d6"}]}