{"bounding boxes":[{"center":{"x":7.016261815897737,"y":-21.387830904522666},"width":2.7628802460793063,"length":6.00761031647027,"angle":95.75941580316582,"object_id":"1d4"},{"center":{"x":19.2951190625854,"y":-8.0820527274406},"width":2.552819397334483,"length":5.503918623149862,"angle":-3.579460373464899,"object_id":"1d6"}]}