{"bounding boxes":[{"center":{"x":6.221317159704768,"y":-21.2991060657786},"width":2.7628802460793063,"length":6.007610316470276,"angle":95.75941580316582,"object_id":"1d4"},{"center":{"x":19.142658030331347,"y":-7.229233082952666},"width":2.552819397334483,"length":5.503918623149863,"angle":-3.579460373464899,"object_id":"1d6"}]}