{"bounding boxes":[{"center":{"x":18.76252337103665,"y":-6.474825211687264},"width":2.552819397334483,"length":5.50391862314986,"angle":-3.579460373464899,"object_id":"1d6"}]}