{"bounding boxes":[{"center":{"x":18.467288129926928,"y":-5.791804412693547},"width":2.5528193973344826,"length":5.503918623149863,"angle":-3.420683977621273,"object_id":"1d6"}]}