{"bounding boxes":[{"center":{"x":18.328339411039337,"y":-5.095271249774671},"width":2.552819397334482,"length":5.503918623149863,"angle":-3.420683977621273,"object_id":"1d6"}]}