{"bounding boxes":[{"center":{"x":18.006079515586045,"y":-4.099677392259635},"width":2.552819397334482,"length":5.503918623149863,"angle":-3.420683977621273,"object_id":"1d6"}]}