{"bounding boxes":[{"center":{"x":17.853618467438956,"y":-3.2468576972312535},"width":2.552819397334482,"length":5.503918623149863,"angle":-3.420683977621273,"object_id":"1d6"}]}