{"bounding boxes":[{"center":{"x":17.922374952670495,"y":-31.324978531722515},"width":3.06644135391602,"length":6.315900586797417,"angle":128.7092181632296,"object_id":"1e1"},{"center":{"x":28.393300919552495,"y":-17.63459778694231},"width":2.7292138130440593,"length":5.796768496645869,"angle":-4.599254758653527,"object_id":"1e2"}]}