{"bounding boxes":[{"center":{"x":17.887748488773216,"y":-30.913675863360726},"width":3.0664413539160202,"length":6.3159005867974205,"angle":128.7092181632296,"object_id":"1e1"},{"center":{"x":28.393300919552495,"y":-17.63459778694231},"width":2.7292138130440593,"length":5.796768496645869,"angle":-4.599254758653527,"object_id":"1e2"}]}