{"bounding boxes":[{"center":{"x":17.770354936248893,"y":-30.387512352053633},"width":3.0664413539160202,"length":6.315900586797417,"angle":128.7092181632296,"object_id":"1e1"},{"center":{"x":28.195672953502942,"y":-17.602504039957047},"width":2.7292138130440593,"length":5.796768496645869,"angle":-4.599254758653527,"object_id":"1e2"}]}