{"bounding boxes":[{"center":{"x":17.75177534710913,"y":-29.877395721150283},"width":3.0664413539160202,"length":6.3159005867974205,"angle":128.7092181632296,"object_id":"1e1"},{"center":{"x":28.195672953502942,"y":-17.602504039957047},"width":2.7292138130440593,"length":5.796768496645869,"angle":-4.599254758653527,"object_id":"1e2"}]}