{"bounding boxes":[{"center":{"x":17.64029781487301,"y":-26.816695797192487},"width":3.06644135391602,"length":6.315900586797417,"angle":128.7092181632296,"object_id":"1e1"},{"center":{"x":28.09685897003086,"y":-17.586457166391803},"width":2.7292138130440593,"length":5.796768496645869,"angle":-4.599254758653527,"object_id":"1e2"}]}