{"bounding boxes":[{"center":{"x":16.84572021169311,"y":-12.701551825908087},"width":3.0664413539160202,"length":6.315900586797424,"angle":128.7092181632296,"object_id":"1e1"},{"center":{"x":27.50397506994377,"y":-17.490175925121214},"width":2.7292138130440593,"length":5.796768496645869,"angle":-4.599254758653527,"object_id":"1e2"}]}