{"bounding boxes":[{"center":{"x":16.683976058980505,"y":-8.738341395901097},"width":3.0664413539160202,"length":6.315900586797424,"angle":128.7092181632296,"object_id":"1e1"},{"center":{"x":26.97764025565781,"y":-16.91359548473242},"width":2.7292138130440584,"length":5.79676849664587,"angle":-4.488167690259964,"object_id":"1e2"}]}