{"bounding boxes":[{"center":{"x":16.639707458689657,"y":-7.5212737535902345},"width":3.0664413539160202,"length":6.315900586797424,"angle":128.7092181632296,"object_id":"1e1"},{"center":{"x":26.369106611577035,"y":-16.93572981017153},"width":2.7292138130440584,"length":5.796768496645872,"angle":-4.257396836354953,"object_id":"1e2"}]}