{"bounding boxes":[{"center":{"x":16.669003199669827,"y":-6.515622371294656},"width":3.0664413539160202,"length":6.315900586797424,"angle":128.7092181632296,"object_id":"1e1"},{"center":{"x":25.712723702108487,"y":-16.54788918596729},"width":2.7292138130440584,"length":5.796768496645872,"angle":-4.257396836354953,"object_id":"1e2"}]}