{"bounding boxes":[{"center":{"x":16.77186328521681,"y":-5.721387249441161},"width":3.06644135391602,"length":6.315900586797442,"angle":191.70128803417683,"object_id":"1e1"},{"center":{"x":25.341321330484625,"y":-16.297900439922497},"width":2.729213813044064,"length":5.796768496645869,"angle":-4.20207676673714,"object_id":"1e2"}]}