{"bounding boxes":[{"center":{"x":16.88758088298006,"y":-4.827872736182293},"width":3.06644135391602,"length":6.315900586797442,"angle":191.70128803417683,"object_id":"1e1"},{"center":{"x":25.168477667304156,"y":-16.073626705632627},"width":2.729213813044064,"length":5.796768496645869,"angle":-4.20207676673714,"object_id":"1e2"}]}