{"bounding boxes":[{"center":{"x":16.916876625183257,"y":-3.822221280930105},"width":3.06644135391602,"length":6.315900586797442,"angle":191.70128803417683,"object_id":"1e1"},{"center":{"x":24.9956340005499,"y":-15.849352966005474},"width":2.7292138130440664,"length":5.7967684966458695,"angle":-4.048877890666372,"object_id":"1e2"}]}