{"bounding boxes":[{"center":{"x":16.70904109163914,"y":-3.0886929884341257},"width":3.06644135391602,"length":6.315900586797442,"angle":191.70128803417683,"object_id":"1e1"},{"center":{"x":24.9956340005499,"y":-15.849352966005474},"width":2.7292138130440655,"length":5.79676849664587,"angle":-3.9730714302801893,"object_id":"1e2"}]}