{"bounding boxes":[{"center":{"x":16.82475869218741,"y":-2.195178379572532},"width":3.06644135391602,"length":6.315900586797442,"angle":191.70128803417683,"object_id":"1e1"},{"center":{"x":24.736368500809746,"y":-15.512942357072518},"width":2.7292138130440664,"length":5.796768496645874,"angle":-3.8247021277418503,"object_id":"1e2"}]}