{"bounding boxes":[{"center":{"x":17.065470688222717,"y":-1.1159624919973297},"width":3.066441353916014,"length":6.315900586797444,"angle":210.52838018312062,"object_id":"1e1"},{"center":{"x":24.563524831360134,"y":-15.288668633547916},"width":2.729213813044069,"length":5.796768496645865,"angle":-3.6879581952463476,"object_id":"1e2"}]}