{"bounding boxes":[{"center":{"x":24.51567555604664,"y":-14.878693699374939},"width":2.729213813044069,"length":5.796768496645862,"angle":-3.6879581952463476,"object_id":"1e2"}]}