{"bounding boxes":[{"center":{"x":24.454968758575212,"y":-14.567998116934461},"width":2.729213813044073,"length":5.796768496645862,"angle":-3.6055994764151493,"object_id":"1e2"}]}