{"bounding boxes":[{"center":{"x":24.39426196039355,"y":-14.257302534097349},"width":2.7292138130440726,"length":5.796768496645864,"angle":-3.5481124835752467,"object_id":"1e2"}]}