{"bounding boxes":[{"center":{"x":24.346412682742532,"y":-13.847327586217208},"width":2.7292138130440677,"length":5.796768496645862,"angle":-3.439465191784161,"object_id":"1e2"}]}