{"bounding boxes":[{"center":{"x":24.384985244602575,"y":-13.549489506659853},"width":2.7292138130440713,"length":5.79676849664586,"angle":-3.3870610053572485,"object_id":"1e2"}]}