{"bounding boxes":[{"center":{"x":24.250714124491857,"y":-13.02737767088249},"width":2.7292138130440686,"length":5.796768496645861,"angle":-3.300248222413618,"object_id":"1e2"}]}