{"bounding boxes":[{"center":{"x":24.250714124491857,"y":-13.02737767088249},"width":2.729213813044064,"length":5.796768496645859,"angle":-3.1774160795866293,"object_id":"1e2"}]}