{"bounding boxes":[{"center":{"x":24.34999348215925,"y":-13.040235177205837},"width":2.729213813044065,"length":5.796768496645857,"angle":-3.107710359348811,"object_id":"1e2"}]}