{"bounding boxes":[{"center":{"x":24.43999613166031,"y":-12.34527961838916},"width":2.7292138130440704,"length":5.796768496645856,"angle":-2.9863631848544316,"object_id":"1e2"}]}