{"bounding boxes":[{"center":{"x":24.677127411284538,"y":-12.07315654448167},"width":2.7292138130440677,"length":5.79676849664586,"angle":-2.9230422684717974,"object_id":"1e2"}]}