{"bounding boxes":[{"center":{"x":18.487050056538322,"y":-26.04853010506589},"width":2.4440284215171637,"length":5.193555922936068,"angle":-3.2043830813972254,"object_id":"1f1"},{"center":{"x":29.333951873465843,"y":-17.611273489255538},"width":2.596771815382255,"length":4.992039780972756,"angle":-4.588092178318469,"object_id":"1f2"}]}