{"bounding boxes":[{"center":{"x":18.233772174511202,"y":-23.254836266082002},"width":2.4440284215171637,"length":5.193555922936068,"angle":-3.2043830813972254,"object_id":"1f1"},{"center":{"x":29.17116878714276,"y":-17.491626744017395},"width":2.596771815382255,"length":4.992039780972756,"angle":-4.588092178318469,"object_id":"1f2"}]}