{"bounding boxes":[{"center":{"x":17.78420252264482,"y":-15.202089379719457},"width":2.4440284215171633,"length":5.19355592293607,"angle":-3.2043830813972254,"object_id":"1f1"},{"center":{"x":29.17116878714276,"y":-17.491626744017395},"width":2.596771815382255,"length":4.992039780972756,"angle":-4.588092178318469,"object_id":"1f2"}]}