{"bounding boxes":[{"center":{"x":16.995082081580016,"y":-3.7907848236764927},"width":2.4440284215171633,"length":5.193555922936066,"angle":-3.2043830813972254,"object_id":"1f1"},{"center":{"x":28.88873887561362,"y":-17.534763120190668},"width":2.596771815382255,"length":4.992039780972756,"angle":-4.588092178318469,"object_id":"1f2"},{"center":{"x":18.87794315105313,"y":-36.80248198867462},"width":2.844185743614352,"length":6.02277007397255,"angle":40.84114665207759,"object_id":"1f3"}]}