{"bounding boxes":[{"center":{"x":17.031226216395403,"y":-2.5135837787617934},"width":2.4440284215171633,"length":5.193555922936066,"angle":-3.2043830813972254,"object_id":"1f1"},{"center":{"x":28.62161107773629,"y":-17.488856898729026},"width":2.596771815382255,"length":4.992039780972756,"angle":-4.588092178318469,"object_id":"1f2"},{"center":{"x":18.87794315105313,"y":-36.80248198867462},"width":2.844185743614352,"length":6.02277007397255,"angle":40.84114665207759,"object_id":"1f3"}]}