{"bounding boxes":[{"center":{"x":17.064600383363604,"y":-1.7859405684076322},"width":2.4440284215171633,"length":5.193555922936066,"angle":-3.2043830813972254,"object_id":"1f1"},{"center":{"x":28.62161107773629,"y":-17.488856898729026},"width":2.596771815382255,"length":4.992039780972756,"angle":-4.588092178318469,"object_id":"1f2"},{"center":{"x":18.93915151882517,"y":-36.446311839401595},"width":2.844185743614352,"length":6.02277007397255,"angle":40.84114665207759,"object_id":"1f3"}]}