{"bounding boxes":[{"center":{"x":28.428223765986644,"y":-17.547295349913128},"width":2.596771815382255,"length":4.992039780972756,"angle":-4.588092178318469,"object_id":"1f2"},{"center":{"x":18.93915151882517,"y":-36.446311839401595},"width":2.844185743614352,"length":6.02277007397255,"angle":40.84114665207759,"object_id":"1f3"}]}