{"bounding boxes":[{"center":{"x":27.537797769971384,"y":-17.394274611176805},"width":2.5967718153822608,"length":4.9920397809727515,"angle":-4.525760086897427,"object_id":"1f2"},{"center":{"x":18.850108948693478,"y":-36.431009769762184},"width":2.844185743614352,"length":6.02277007397255,"angle":40.84114665207759,"object_id":"1f3"}]}