{"bounding boxes":[{"center":{"x":26.7364143725775,"y":-17.25655594614554},"width":2.5967718153822608,"length":4.9920397809727515,"angle":-4.525760086897427,"object_id":"1f2"},{"center":{"x":18.850108948693478,"y":-36.431009769762184},"width":2.844185743614352,"length":6.02277007397255,"angle":40.84114665207759,"object_id":"1f3"},{"center":{"x":16.00993806663844,"y":-43.94342857588659},"width":2.626333771927299,"length":5.546800514213274,"angle":28.20943080601536,"object_id":"1f4"}]}