{"bounding boxes":[{"center":{"x":25.756945776329786,"y":-17.088233133427334},"width":2.5967718153822608,"length":4.9920397809727515,"angle":-4.525760086897427,"object_id":"1f2"},{"center":{"x":18.850108948693478,"y":-36.431009769762184},"width":2.844185743614352,"length":6.02277007397255,"angle":40.84114665207759,"object_id":"1f3"},{"center":{"x":15.840162809021113,"y":-42.264152641874915},"width":2.6263337719272974,"length":5.546800514213274,"angle":28.20943080601536,"object_id":"1f4"}]}