{"bounding boxes":[{"center":{"x":25.059907084708158,"y":-16.87677392674961},"width":2.5967718153822545,"length":4.992039780972754,"angle":-4.460292918810144,"object_id":"1f2"},{"center":{"x":18.850108948693478,"y":-36.431009769762184},"width":2.844185743614352,"length":6.02277007397255,"angle":40.84114665207759,"object_id":"1f3"},{"center":{"x":15.753890203235024,"y":-41.69929329012112},"width":2.6263337719272974,"length":5.546800514213274,"angle":28.20943080601536,"object_id":"1f4"}]}