{"bounding boxes":[{"center":{"x":24.703736683776295,"y":-16.81556563082104},"width":2.596771815382254,"length":4.99203978097275,"angle":-4.4382938113286725,"object_id":"1f2"},{"center":{"x":18.850108948693478,"y":-36.431009769762184},"width":2.844185743614352,"length":6.02277007397255,"angle":40.84114665207759,"object_id":"1f3"},{"center":{"x":15.63701342348038,"y":-41.312519001981755},"width":2.626333771927294,"length":5.546800514213274,"angle":28.20943080601536,"object_id":"1f4"}]}