{"bounding boxes":[{"center":{"x":24.30442999787702,"y":-16.47192741545191},"width":2.596771815382252,"length":4.992039780972747,"angle":-4.353154040916449,"object_id":"1f2"},{"center":{"x":18.850108948693478,"y":-36.431009769762184},"width":2.844185743614352,"length":6.02277007397255,"angle":40.84114665207759,"object_id":"1f3"},{"center":{"x":15.60917920272567,"y":-40.94104676856548},"width":2.6263337719272957,"length":5.546800514213274,"angle":28.20943080601536,"object_id":"1f4"}]}