{"bounding boxes":[{"center":{"x":24.126344797679938,"y":-16.44132326753372},"width":2.596771815382252,"length":4.992039780972747,"angle":-4.353154040916449,"object_id":"1f2"},{"center":{"x":18.911317315187624,"y":-36.07483955387098},"width":2.844185743614352,"length":6.02277007397255,"angle":40.84114665207759,"object_id":"1f3"},{"center":{"x":15.655085457827067,"y":-40.673919146824005},"width":2.6263337719272957,"length":5.546800514213274,"angle":28.20943080601536,"object_id":"1f4"}]}