{"bounding boxes":[{"center":{"x":23.622693405341142,"y":-16.171425592866253},"width":2.596771815382251,"length":4.992039780972745,"angle":-4.264504412913488,"object_id":"1f2"},{"center":{"x":18.957223594485704,"y":-35.807711880678745},"width":2.844185743614352,"length":6.02277007397255,"angle":40.84114665207759,"object_id":"1f3"},{"center":{"x":15.670387542869257,"y":-40.584876604585055},"width":2.6263337719272957,"length":5.546800514213274,"angle":28.20943080601536,"object_id":"1f4"}]}