{"bounding boxes":[{"center":{"x":23.45991030822267,"y":-16.05177882834326},"width":2.596771815382251,"length":4.992039780972745,"angle":-4.264504412913488,"object_id":"1f2"},{"center":{"x":18.98782777837935,"y":-35.629626768970994},"width":2.844185743614352,"length":6.02277007397255,"angle":40.84114665207759,"object_id":"1f3"},{"center":{"x":15.627251236732187,"y":-40.30244690975271},"width":2.626333771927299,"length":5.546800514213274,"angle":28.20943080601536,"object_id":"1f4"}]}