{"bounding boxes":[{"center":{"x":23.149646215472856,"y":-15.723442678269038},"width":2.596771815382251,"length":4.992039780972745,"angle":-4.264504412913488,"object_id":"1f2"},{"center":{"x":18.98782777837935,"y":-35.629626768970994},"width":2.844185743614352,"length":6.02277007397255,"angle":40.84114665207759,"object_id":"1f3"},{"center":{"x":15.673157493496113,"y":-40.0353192783371},"width":2.6263337719272974,"length":5.546800514213274,"angle":28.20943080601536,"object_id":"1f4"}]}