{"bounding boxes":[{"center":{"x":22.661296916899442,"y":-15.364502375989758},"width":2.5967718153822497,"length":4.992039780972745,"angle":-4.264504412913488,"object_id":"1f2"},{"center":{"x":18.94469148255783,"y":-35.34719702860225},"width":2.844185743614352,"length":6.02277007397255,"angle":40.84114665207759,"object_id":"1f3"},{"center":{"x":15.614719102417713,"y":-39.84193212354792},"width":2.6263337719272957,"length":5.546800514213274,"angle":28.20943080601536,"object_id":"1f4"}]}