{"bounding boxes":[{"center":{"x":22.203551815757454,"y":-14.827476828488358},"width":2.596771815382251,"length":4.992039780972745,"angle":-4.264504412913488,"object_id":"1f2"},{"center":{"x":18.84311680290427,"y":-34.8713801009368},"width":2.844185743614352,"length":6.02277007397255,"angle":40.84114665207759,"object_id":"1f3"},{"center":{"x":15.660625359206701,"y":-39.574804487156705},"width":2.626333771927294,"length":5.546800514213274,"angle":28.20943080601536,"object_id":"1f4"}]}