{"bounding boxes":[{"center":{"x":21.96702821368711,"y":-14.603485364015256},"width":2.5967718153822528,"length":4.992039780972745,"angle":-4.264504412913488,"object_id":"1f2"},{"center":{"x":19.00866983837223,"y":-34.441469360314976},"width":2.844185743614352,"length":6.02277007397255,"angle":40.84114665207759,"object_id":"1f3"},{"center":{"x":15.543748573455314,"y":-39.18803016146746},"width":2.6263337719272957,"length":5.546800514213274,"angle":28.20943080601536,"object_id":"1f4"}]}