{"bounding boxes":[{"center":{"x":22.0967558524581,"y":-8.411825059836959},"width":2.9374777484427237,"length":5.874955843206614,"angle":-3.175234000799688,"object_id":"0"},{"center":{"x":29.509128433326254,"y":-15.381980966098757},"width":2.853219172316136,"length":6.5480643735206865,"angle":-4.571490907750904,"object_id":"1"}]}