{"bounding boxes":[{"center":{"x":22.292410068405996,"y":-8.459669093862296},"width":3.032903117798344,"length":5.843889783402051,"angle":-3.131243502286246,"object_id":"0"}]}