{"bounding boxes":[{"center":{"x":22.401044260611,"y":-8.914145000284982},"width":3.032903117798344,"length":5.843889783402051,"angle":-3.131243502286246,"object_id":"0"},{"center":{"x":19.09285953823865,"y":-31.828945819153887},"width":3.2677491252060684,"length":6.2963734075572155,"angle":15.609871472559535,"object_id":"2"}]}