{"bounding boxes":[{"center":{"x":22.398308262556498,"y":-9.17850014420273},"width":3.032903117798344,"length":5.843889783402051,"angle":-3.131243502286246,"object_id":"0"},{"center":{"x":19.16510427050575,"y":-31.234831057882815},"width":3.2677491252060684,"length":6.29637340755722,"angle":15.609871472559535,"object_id":"2"}]}