{"bounding boxes":[{"center":{"x":22.391270927837702,"y":-9.858454669854687},"width":3.032903117798344,"length":5.843889783402051,"angle":-3.131243502286246,"object_id":"0"},{"center":{"x":19.05881586765394,"y":-30.55370402707627},"width":3.2677491252060684,"length":6.296373407557226,"angle":15.609871472559535,"object_id":"2"}]}