{"bounding boxes":[{"center":{"x":22.442655802072967,"y":-10.369006988115345},"width":3.032903117798344,"length":5.843889783402051,"angle":-3.131243502286246,"object_id":"0"},{"center":{"x":18.89293240174859,"y":-30.155304760215063},"width":3.2677491252060684,"length":6.296373407557223,"angle":15.609871472559535,"object_id":"2"},{"center":{"x":19.739084311390464,"y":-43.325898377326205},"width":3.5095900648402356,"length":6.334203996612497,"angle":3.1369186314712127,"object_id":"3"}]}