{"bounding boxes":[{"center":{"x":22.09681413172038,"y":-10.932117131808262},"width":3.032903117798344,"length":5.843889783402051,"angle":-3.131243502286246,"object_id":"0"},{"center":{"x":19.070544701697038,"y":-29.420447100417732},"width":3.2677491252060684,"length":6.2963734075572155,"angle":15.609871472559535,"object_id":"2"},{"center":{"x":19.68418079282723,"y":-43.15532343398614},"width":3.5095900648402356,"length":6.334203996612497,"angle":3.1369186314712127,"object_id":"3"}]}