{"bounding boxes":[{"center":{"x":22.218484018994747,"y":-11.31012279182293},"width":3.032903117798344,"length":5.843889783402051,"angle":-3.131243502286246,"object_id":"0"},{"center":{"x":19.01230895722619,"y":-28.98030706734444},"width":3.2677491252060684,"length":6.2963734075572155,"angle":15.609871472559535,"object_id":"2"},{"center":{"x":19.689379172355288,"y":-42.653049049775774},"width":3.5095900648402356,"length":6.334203996612497,"angle":3.1369186314712127,"object_id":"3"}]}