{"bounding boxes":[{"center":{"x":22.206787627148348,"y":-12.440240964125824},"width":3.032903117798344,"length":5.843889783402051,"angle":-3.131243502286246,"object_id":"0"},{"center":{"x":18.838901312324502,"y":-27.534318295306328},"width":3.267749125206069,"length":6.2963734075572155,"angle":15.609871472559535,"object_id":"2"},{"center":{"x":19.693277959535195,"y":-42.27634324757826},"width":3.5095900648402356,"length":6.334203996612497,"angle":3.1369186314712127,"object_id":"3"}]}