{"bounding boxes":[{"center":{"x":22.328457475394465,"y":-12.818246394787426},"width":3.032903117798344,"length":5.843889783402051,"angle":-3.131243502286246,"object_id":"0"},{"center":{"x":18.84669888385976,"y":-26.780906450963364},"width":3.267749125206069,"length":6.2963734075572155,"angle":15.609871472559535,"object_id":"2"},{"center":{"x":19.57160811106999,"y":-41.8983378209838},"width":3.5095900648402356,"length":6.334203996612497,"angle":3.1369186314712127,"object_id":"3"}]}