{"bounding boxes":[{"center":{"x":22.25332694276995,"y":-14.0104990948964},"width":3.032903117798344,"length":5.843889783402049,"angle":-3.131243502286246,"object_id":"0"},{"center":{"x":18.736725351527113,"y":-25.272783098720915},"width":3.267749125206069,"length":6.2963734075572155,"angle":15.609871472559535,"object_id":"2"},{"center":{"x":19.702375123581007,"y":-41.397363044865095},"width":3.5095900648402356,"length":6.334203996612497,"angle":3.1369186314712127,"object_id":"3"}]}