{"bounding boxes":[{"center":{"x":22.311562684903805,"y":-14.450639276833202},"width":3.032903117798344,"length":5.8438897834020445,"angle":-3.131243502286246,"object_id":"0"},{"center":{"x":18.61895425867096,"y":-24.51807160385141},"width":3.267749125206069,"length":6.2963734075572155,"angle":15.609871472559535,"object_id":"2"},{"center":{"x":19.702375123581007,"y":-41.397363044865095},"width":3.5095900648402356,"length":6.334203996612497,"angle":3.1369186314712127,"object_id":"3"}]}