{"bounding boxes":[{"center":{"x":22.438184733968036,"y":-20.417100546702773},"width":3.0329031177983445,"length":5.843889783402033,"angle":-3.2338179709792136,"object_id":"0"},{"center":{"x":18.519623425693332,"y":-15.914668951654134},"width":3.267749125206069,"length":6.296373407557212,"angle":15.609871472559535,"object_id":"2"},{"center":{"x":19.478529345800904,"y":-38.757823072410254},"width":3.5095900648402383,"length":6.334203996612494,"angle":21.923568193813434,"object_id":"3"},{"center":{"x":15.460796535855998,"y":-27.09531145808359},"width":3.2112038118404853,"length":6.519698398032151,"angle":59.682904626024616,"object_id":"7"}]}