{"bounding boxes":[{"center":{"x":22.757954608393693,"y":-19.855290573292294},"width":3.032903117798345,"length":5.843889783402038,"angle":-3.287861108053688,"object_id":"0"},{"center":{"x":18.322823073895783,"y":-16.72891592504257},"width":3.267749125206069,"length":6.296373407557212,"angle":15.609871472559535,"object_id":"2"},{"center":{"x":19.470731777928645,"y":-39.511234716682004},"width":3.5095900648402383,"length":6.334203996612494,"angle":21.923568193813434,"object_id":"3"},{"center":{"x":15.330029538319536,"y":-27.596286394302975},"width":3.211203811840483,"length":6.519698398032151,"angle":59.682904626024616,"object_id":"7"}]}