{"bounding boxes":[{"center":{"x":22.890021282354844,"y":-19.228746846620524},"width":3.032903117798345,"length":5.843889783402038,"angle":-3.287861108053688,"object_id":"0"},{"center":{"x":18.500129528960436,"y":-17.79819900773785},"width":3.267749125206069,"length":6.2963734075572155,"angle":15.609871472559535,"object_id":"2"},{"center":{"x":19.466832993757382,"y":-39.88794053589606},"width":3.5095900648402383,"length":6.334203996612494,"angle":21.923568193813434,"object_id":"3"},{"center":{"x":15.38436652833757,"y":-28.41313231554729},"width":3.211203811840483,"length":6.519698398032151,"angle":59.682904626024616,"object_id":"7"}]}