{"bounding boxes":[{"center":{"x":22.457678723833602,"y":-18.53357057819079},"width":3.032903117798345,"length":5.843889783402038,"angle":-3.287861108053688,"object_id":"0"},{"center":{"x":18.428897836637113,"y":-18.613745542605294},"width":3.267749125206069,"length":6.2963734075572155,"angle":15.609871472559535,"object_id":"2"},{"center":{"x":19.464233804911984,"y":-40.13907774181132},"width":3.5095900648402383,"length":6.334203996612494,"angle":21.923568193813434,"object_id":"3"},{"center":{"x":15.504736812342983,"y":-28.916706458822382},"width":3.211203811840483,"length":6.519698398032158,"angle":59.682904626024616,"object_id":"7"}]}