{"bounding boxes":[{"center":{"x":22.525011655338147,"y":-18.094730042275852},"width":3.032903117798342,"length":5.84388978340204,"angle":-3.2031658803967016,"object_id":"0"},{"center":{"x":18.54536934825689,"y":-19.4940257767175},"width":3.267749125206069,"length":6.2963734075572155,"angle":15.609871472559535,"object_id":"2"},{"center":{"x":19.461634614716566,"y":-40.39021495850546},"width":3.5095900648402383,"length":6.334203996612494,"angle":21.923568193813434,"object_id":"3"},{"center":{"x":15.373969818867728,"y":-29.41768136164387},"width":3.2112038118404853,"length":6.519698398032165,"angle":59.682904626024616,"object_id":"7"}]}