{"bounding boxes":[{"center":{"x":22.532809252575504,"y":-17.34131800534368},"width":3.032903117798342,"length":5.84388978340204,"angle":-3.2031658803967016,"object_id":"0"},{"center":{"x":18.347269403056345,"y":-20.433841348562304},"width":3.267749125206069,"length":6.2963734075572155,"angle":15.609871472559535,"object_id":"2"},{"center":{"x":19.461634614716566,"y":-40.39021495850546},"width":3.5095900648402383,"length":6.334203996612494,"angle":21.923568193813434,"object_id":"3"},{"center":{"x":15.243202821219127,"y":-29.918656274507242},"width":3.211203811840489,"length":6.5196983980321725,"angle":59.682904626024616,"object_id":"7"}]}