{"bounding boxes":[{"center":{"x":22.23643215308015,"y":-15.642891925198175},"width":3.032903117798344,"length":5.843889783402042,"angle":-3.131243502286246,"object_id":"0"},{"center":{"x":18.697983504883837,"y":-22.949113271345098},"width":3.267749125206069,"length":6.2963734075572155,"angle":15.609871472559535,"object_id":"2"},{"center":{"x":19.58200486888436,"y":-40.89378900159413},"width":3.5095900648402356,"length":6.334203996612497,"angle":3.1369186314712127,"object_id":"3"}]}