{"bounding boxes":[{"center":{"x":22.179496012055644,"y":-15.0771830840202},"width":3.032903117798344,"length":5.8438897834020445,"angle":-3.131243502286246,"object_id":"0"},{"center":{"x":18.564617286384937,"y":-23.701225576278034},"width":3.267749125206069,"length":6.2963734075572155,"angle":15.609871472559535,"object_id":"2"},{"center":{"x":19.579405677908692,"y":-41.14492620819505},"width":3.5095900648402356,"length":6.334203996612497,"angle":3.1369186314712127,"object_id":"3"}]}