{"bounding boxes":[{"center":{"x":22.49772007143237,"y":-20.731672003785707},"width":3.0329031177983445,"length":5.843889783402033,"angle":-3.2338179709792136,"object_id":"0"},{"center":{"x":18.276283649915612,"y":-15.158657716185363},"width":3.267749125206069,"length":6.296373407557214,"angle":15.609871472559535,"object_id":"2"},{"center":{"x":19.2960245627256,"y":-38.19081488384364},"width":3.5095900648402383,"length":6.334203996612494,"angle":21.923568193813434,"object_id":"3"},{"center":{"x":15.405159956530376,"y":-26.404034158427706},"width":3.211203811840483,"length":6.519698398032151,"angle":59.682904626024616,"object_id":"7"}]}