{"bounding boxes":[{"center":{"x":22.489922475314188,"y":-21.48508396677221},"width":3.0329031177983445,"length":5.843889783402033,"angle":-3.2338179709792136,"object_id":"0"},{"center":{"x":18.036842652488573,"y":-14.0259404546096},"width":3.267749125206069,"length":6.296373407557217,"angle":15.609871472559535,"object_id":"2"},{"center":{"x":19.2999233449058,"y":-37.81410905186989},"width":3.5095900648402383,"length":6.334203996612494,"angle":21.923568193813434,"object_id":"3"},{"center":{"x":15.223954730040905,"y":-25.71145721903958},"width":3.211203811840483,"length":6.519698398032151,"angle":59.682904626024616,"object_id":"7"}]}