{"bounding boxes":[{"center":{"x":19.302954920783034,"y":-37.52119493302894},"width":3.5095900648402383,"length":6.334203996612494,"angle":21.923568193813434,"object_id":"3"},{"center":{"x":19.806514599023814,"y":-47.1891585908563},"width":3.825643134245935,"length":6.9340039971482215,"angle":336.0376992122445,"object_id":"10"},{"center":{"x":21.21796983220016,"y":-26.176178951421672},"width":3.084466942316742,"length":6.262402280128313,"angle":51.87319963674092,"object_id":"11"},{"center":{"x":15.299259280950018,"y":-37.88462301743478},"width":2.710589767592401,"length":5.421180579481298,"angle":-3.211621344955117,"object_id":"12"}]}