{"bounding boxes":[{"center":{"x":14.424381420544336,"y":-1.0269945189156973},"width":2.772393140752373,"length":5.640382305610251,"angle":-3.168173136430155,"object_id":"16"},{"center":{"x":27.229429684671192,"y":-17.87097816382247},"width":2.8880620941634683,"length":4.80526319838975,"angle":-4.537858192248004,"object_id":"18"},{"center":{"x":36.22327438614367,"y":-18.11065244747907},"width":3.027997882363462,"length":5.291081695879609,"angle":102.26785489426217,"object_id":"19"},{"center":{"x":18.62810690910716,"y":-18.274750008702426},"width":3.0377850250736005,"length":5.46274454024704,"angle":-3.144438967341708,"object_id":"20"}]}