{"bounding boxes":[{"center":{"x":14.04877245736403,"y":1.6192162440973012},"width":2.7723931407523748,"length":5.640382305610251,"angle":-3.168173136430155,"object_id":"16"},{"center":{"x":26.565224620141986,"y":-18.074697053429556},"width":2.8880620941634683,"length":4.80526319838975,"angle":-4.537858192248004,"object_id":"18"},{"center":{"x":36.22327438614367,"y":-18.11065244747907},"width":3.027997882363462,"length":5.291081695879609,"angle":102.26785489426217,"object_id":"19"},{"center":{"x":18.60971232529922,"y":-16.00343690765599},"width":3.0377850250736005,"length":5.46274454024704,"angle":-3.144438967341708,"object_id":"20"}]}