{"bounding boxes":[{"center":{"x":14.719338615431223,"y":5.119205321837515},"width":2.7723931407523694,"length":5.640382305610251,"angle":-3.168173136430155,"object_id":"16"},{"center":{"x":26.565224620141986,"y":-18.074697053429556},"width":2.8880620941634683,"length":4.80526319838975,"angle":-4.537858192248004,"object_id":"18"},{"center":{"x":36.22327438614367,"y":-18.11065244747907},"width":3.027997882363462,"length":5.291081695879609,"angle":102.26785489426217,"object_id":"19"},{"center":{"x":18.598390845036377,"y":-13.439279189363173},"width":3.0377850250736005,"length":5.46274454024705,"angle":-3.144438967341708,"object_id":"20"}]}