{"bounding boxes":[{"center":{"x":14.826146939013295,"y":6.508448934524547},"width":2.772393140752371,"length":5.640382305610251,"angle":-3.168173136430155,"object_id":"16"},{"center":{"x":25.91516581475899,"y":-17.692726920548488},"width":2.8880620941634683,"length":4.80526319838975,"angle":-4.537858192248004,"object_id":"18"},{"center":{"x":35.34827720837114,"y":-17.943010849646072},"width":3.027997882363462,"length":5.291081695879609,"angle":102.26785489426217,"object_id":"19"},{"center":{"x":18.630219806254566,"y":-12.121478876997287},"width":3.0377850250736005,"length":5.46274454024705,"angle":-3.144438967341708,"object_id":"20"}]}