{"bounding boxes":[{"center":{"x":14.868585525586234,"y":8.265516641422323},"width":2.772393140752364,"length":5.640382305610251,"angle":-3.168173136430155,"object_id":"16"},{"center":{"x":25.190127577431415,"y":-17.382199640145874},"width":2.888062094163474,"length":4.8052631983897465,"angle":-4.315266542480986,"object_id":"18"},{"center":{"x":35.34827720837114,"y":-17.943010849646072},"width":3.027997882363462,"length":5.291081695879609,"angle":102.26785489426217,"object_id":"19"},{"center":{"x":18.444183687383294,"y":-10.725162581116159},"width":3.0377850250736005,"length":5.46274454024705,"angle":-3.144438967341708,"object_id":"20"}]}