{"bounding boxes":[{"center":{"x":24.682954473290135,"y":-17.150188319874704},"width":2.888062094163474,"length":4.8052631983897465,"angle":-4.315266542480986,"object_id":"18"},{"center":{"x":35.34827720837114,"y":-17.943010849646072},"width":3.027997882363462,"length":5.291081695879609,"angle":102.26785489426217,"object_id":"19"},{"center":{"x":18.547455585234133,"y":-9.482341604991362},"width":3.0377850250736005,"length":5.46274454024705,"angle":-3.144438967341708,"object_id":"20"}]}