{"bounding boxes":[{"center":{"x":23.957916240883794,"y":-16.839661040829494},"width":2.888062094163474,"length":4.8052631983897465,"angle":-4.315266542480986,"object_id":"18"},{"center":{"x":35.34827720837114,"y":-17.943010849646072},"width":3.027997882363462,"length":5.291081695879609,"angle":102.26785489426217,"object_id":"19"},{"center":{"x":18.800686316326185,"y":-8.096634851131105},"width":3.0377850250736005,"length":5.462744540247051,"angle":-3.144438967341708,"object_id":"20"}]}