{"bounding boxes":[{"center":{"x":23.23995115230137,"y":-16.23628925872811},"width":2.888062094163474,"length":4.8052631983897465,"angle":-4.315266542480986,"object_id":"18"},{"center":{"x":34.469743402391856,"y":-17.921791515965893},"width":3.027997882363462,"length":5.291081695879609,"angle":102.26785489426217,"object_id":"19"},{"center":{"x":18.292801573516805,"y":-4.861198613674537},"width":3.0377850250736005,"length":5.46274454024705,"angle":-3.144438967341708,"object_id":"20"}]}