{"bounding boxes":[{"center":{"x":22.157698673378018,"y":-15.550864970300697},"width":2.888062094163474,"length":4.8052631983897465,"angle":-4.315266542480986,"object_id":"18"},{"center":{"x":34.180435382828584,"y":-17.76829613865503},"width":3.027997882363462,"length":5.291081695879609,"angle":102.26785489426217,"object_id":"19"},{"center":{"x":18.50288194411543,"y":-2.2291340748057498},"width":3.0377850250736005,"length":5.46274454024705,"angle":-3.144438967341708,"object_id":"20"}]}