{"bounding boxes":[{"center":{"x":21.943370116385903,"y":-15.325926758693095},"width":2.888062094163475,"length":4.805263198389749,"angle":-4.153153049774447,"object_id":"18"},{"center":{"x":34.180435382828584,"y":-17.76829613865503},"width":3.027997882363462,"length":5.291081695879609,"angle":102.26785489426217,"object_id":"19"},{"center":{"x":18.745503005696747,"y":-1.2826939969194275},"width":3.0377850250736005,"length":5.46274454024705,"angle":-3.144438967341708,"object_id":"20"}]}