{"bounding boxes":[{"center":{"x":21.44327015429808,"y":-14.801070936045544},"width":2.888062094163473,"length":4.805263198389749,"angle":-4.153153049774447,"object_id":"18"},{"center":{"x":33.37688103570268,"y":-17.675633949431074},"width":3.027997882363462,"length":5.291081695879609,"angle":102.26785489426217,"object_id":"19"},{"center":{"x":18.770258934384934,"y":-0.2577379638624966},"width":3.0377850250736005,"length":5.46274454024705,"angle":-3.144438967341708,"object_id":"20"}]}