{"bounding boxes":[{"center":{"x":20.725305072106877,"y":-14.197699158536537},"width":2.8880620941634723,"length":4.80526319838975,"angle":-3.990915579298463,"object_id":"18"},{"center":{"x":33.37688103570268,"y":-17.675633949431074},"width":3.027997882363462,"length":5.291081695879609,"angle":102.26785489426217,"object_id":"19"},{"center":{"x":18.873530842708362,"y":0.9850832792107247},"width":3.0377850250736005,"length":5.46274454024705,"angle":-3.144438967341708,"object_id":"20"}]}