{"bounding boxes":[{"center":{"x":20.089392527705066,"y":-13.23003984602849},"width":2.8880620941634763,"length":4.80526319838975,"angle":-3.990915579298463,"object_id":"18"},{"center":{"x":32.71974899051521,"y":-17.586508319558632},"width":3.027997882363462,"length":5.291081695879609,"angle":102.26785489426217,"object_id":"19"},{"center":{"x":18.5587552736175,"y":3.117047936945846},"width":3.0377850250736005,"length":5.46274454024705,"angle":-3.144438967341708,"object_id":"20"}]}