{"bounding boxes":[{"center":{"x":19.882137098190963,"y":-12.712257115901973},"width":2.8880620941634776,"length":4.805263198389749,"angle":-3.866745324902823,"object_id":"18"},{"center":{"x":32.71974899051521,"y":-17.586508319558632},"width":3.027997882363462,"length":5.291081695879609,"angle":102.26785489426217,"object_id":"19"},{"center":{"x":18.543897393132013,"y":5.534784254267078},"width":3.0377850250736005,"length":5.46274454024705,"angle":-3.144438967341708,"object_id":"20"}]}