{"bounding boxes":[{"center":{"x":19.60343881322598,"y":-12.119494978631483},"width":2.8880620941634776,"length":4.805263198389749,"angle":-3.866745324902823,"object_id":"18"},{"center":{"x":32.134059814142674,"y":-17.57236209901064},"width":3.027997882363462,"length":5.291081695879609,"angle":102.26785489426217,"object_id":"19"},{"center":{"x":18.57572644190737,"y":6.852585038235852},"width":3.0377850250736005,"length":5.46274454024705,"angle":-3.144438967341708,"object_id":"20"}]}