{"bounding boxes":[{"center":{"x":18.8890102868989,"y":-11.369700936770604},"width":2.8880620941634754,"length":4.805263198389753,"angle":-3.6861922922489136,"object_id":"18"},{"center":{"x":32.134059814142674,"y":-17.57236209901064},"width":3.027997882363462,"length":5.291081695879609,"angle":102.26785489426217,"object_id":"19"},{"center":{"x":18.635847986428736,"y":9.341764399342534},"width":3.0377850250736005,"length":5.46274454024705,"angle":-3.144438967341708,"object_id":"20"}]}