{"bounding boxes":[{"center":{"x":18.54947882681194,"y":-10.26269259320911},"width":2.888062094163476,"length":4.80526319838975,"angle":-3.5731236607095784,"object_id":"18"},{"center":{"x":31.40548492795437,"y":-17.408257061930456},"width":3.027997882363462,"length":5.291081695879609,"angle":102.26785489426217,"object_id":"19"},{"center":{"x":18.681823283229882,"y":11.245254591441196},"width":3.0377850250736005,"length":5.46274454024705,"angle":-3.144438967341708,"object_id":"20"}]}