{"bounding boxes":[{"center":{"x":17.9206393887443,"y":-9.002188881288138},"width":2.888062094163476,"length":4.80526319838975,"angle":-3.5731236607095784,"object_id":"18"},{"center":{"x":30.601930616151705,"y":-17.315594880164888},"width":3.027997882363462,"length":5.291081695879609,"angle":102.26785489426217,"object_id":"19"}]}