{"bounding boxes":[{"center":{"x":17.78836336024229,"y":-8.412963259027338},"width":2.8880620941634803,"length":4.805263198389751,"angle":-3.482444646583503,"object_id":"18"},{"center":{"x":30.087684318899313,"y":-17.37642806960301},"width":3.027997882363462,"length":5.291081695879609,"angle":102.26785489426217,"object_id":"19"}]}