{"bounding boxes":[{"center":{"x":17.738139865975757,"y":-7.45945022325921},"width":2.8880620941634794,"length":4.805263198389751,"angle":-3.482444646583503,"object_id":"18"},{"center":{"x":30.087684318899313,"y":-17.37642806960301},"width":3.027997882363462,"length":5.291081695879609,"angle":102.26785489426217,"object_id":"19"}]}