{"bounding boxes":[{"center":{"x":17.53088442148012,"y":-6.941667459641685},"width":2.8880620941634785,"length":4.805263198389753,"angle":-3.375615719306834,"object_id":"18"},{"center":{"x":30.087684318899313,"y":-17.37642806960301},"width":3.027997882363462,"length":5.291081695879609,"angle":102.26785489426217,"object_id":"19"}]}