{"bounding boxes":[{"center":{"x":37.839818473825424,"y":-18.616568084887568},"width":2.933737386231714,"length":5.6418010445441755,"angle":-4.692181288026097,"object_id":"1c1"},{"center":{"x":30.325491592352552,"y":-17.56273445341912},"width":2.8209004530036976,"length":5.303292706040476,"angle":-4.63698554047591,"object_id":"1c2"},{"center":{"x":31.826780740934737,"y":-25.31539226585786},"width":2.777864607498013,"length":5.4164570542428825,"angle":-4.729373446530441,"object_id":"1c3"},{"center":{"x":18.22907380626919,"y":-29.215794588861343},"width":3.1449476062356907,"length":5.688181964145233,"angle":-3.181227066097668,"object_id":"1c4"}]}