{"bounding boxes":[{"center":{"x":17.719195370550896,"y":-7.065114776384958},"width":2.581190728966689,"length":5.353581343313371,"angle":-1.49268634575008,"object_id":"2e0"},{"center":{"x":23.406245559667415,"y":-16.77369505451002},"width":2.158402161897217,"length":5.274732129251375,"angle":-4.452810996825167,"object_id":"2e3"},{"center":{"x":34.46969738595387,"y":-11.535941991250494},"width":2.4855933470973857,"length":5.2579855529223805,"angle":-1.5628420540236,"object_id":"2e4"},{"center":{"x":27.643743052752974,"y":-21.994079502557383},"width":2.300189251469496,"length":4.77938648103518,"angle":-4.599841100245607,"object_id":"2e5"}]}