{"bounding boxes":[{"center":{"x":17.999564945437218,"y":-7.060600720337243},"width":2.58119072896669,"length":5.353581343313371,"angle":-1.49268634575008,"object_id":"2e0"},{"center":{"x":23.406245559667415,"y":-16.77369505451002},"width":2.158402161897217,"length":5.274732129251375,"angle":-4.452810996825167,"object_id":"2e3"},{"center":{"x":27.643743052752974,"y":-21.994079502557383},"width":2.300189251469496,"length":4.77938648103518,"angle":-4.599841100245607,"object_id":"2e5"}]}