{"bounding boxes":[{"center":{"x":18.93563491415512,"y":-7.13901040193158},"width":2.5811907289666913,"length":5.353581343313369,"angle":-1.49268634575008,"object_id":"2e0"},{"center":{"x":23.027905350175892,"y":-16.499344123369088},"width":2.158402161897218,"length":5.274732129251373,"angle":-4.264180113084754,"object_id":"2e3"},{"center":{"x":27.17796497957691,"y":-22.095059370284048},"width":2.3001892514694924,"length":4.779386481035173,"angle":-4.704544868333905,"object_id":"2e5"}]}