{"bounding boxes":[{"center":{"x":19.497878758257915,"y":-7.223438824531395},"width":2.581190728966689,"length":5.353581343313369,"angle":-1.49268634575008,"object_id":"2e0"},{"center":{"x":22.272729648271557,"y":-16.044098818069244},"width":2.158402161897218,"length":5.274732129251373,"angle":-4.264180113084754,"object_id":"2e3"},{"center":{"x":26.520759772589937,"y":-21.918678932595647},"width":2.3001892514694924,"length":4.779386481035173,"angle":-4.704544868333905,"object_id":"2e5"}]}