{"bounding boxes":[{"center":{"x":21.089649175518424,"y":-7.384772238935744},"width":2.58119072896669,"length":5.353581343313369,"angle":-1.49268634575008,"object_id":"2e0"},{"center":{"x":21.987845992836355,"y":-15.76824322534417},"width":2.158402161897221,"length":5.2747321292513725,"angle":-4.264180113084754,"object_id":"2e3"},{"center":{"x":25.399281183004263,"y":-21.9367349096381},"width":2.3001892514694924,"length":4.779386481035173,"angle":-4.704544868333905,"object_id":"2e5"}]}