{"bounding boxes":[{"center":{"x":21.932262697350037,"y":-7.46468661252451},"width":2.5811907289666913,"length":5.353581343313369,"angle":-1.49268634575008,"object_id":"2e0"},{"center":{"x":21.701457663666595,"y":-15.39893110101654},"width":2.158402161897218,"length":5.2747321292513725,"angle":-4.264180113084754,"object_id":"2e3"},{"center":{"x":24.651628817323154,"y":-21.948772226523204},"width":2.3001892514694924,"length":4.779386481035173,"angle":-4.704544868333905,"object_id":"2e5"}]}