{"bounding boxes":[{"center":{"x":23.524033256104225,"y":-7.626020045986847},"width":2.5811907289666913,"length":5.353581343313369,"angle":-1.49268634575008,"object_id":"2e0"},{"center":{"x":21.041243201237382,"y":-15.035637671605436},"width":2.1584021618972185,"length":5.274732129251369,"angle":-3.937961886797307,"object_id":"2e3"},{"center":{"x":23.997433008760705,"y":-21.959304875716505},"width":2.3001892514694924,"length":4.779386481035173,"angle":-4.704544868333905,"object_id":"2e5"}]}