{"bounding boxes":[{"center":{"x":24.458598688852486,"y":-7.610973196131232},"width":2.5811907289666913,"length":5.353581343313369,"angle":-1.49268634575008,"object_id":"2e0"},{"center":{"x":20.469971235898043,"y":-14.390469973207933},"width":2.158402161897211,"length":5.274732129251368,"angle":-3.902368292120149,"object_id":"2e3"},{"center":{"x":22.966401683177175,"y":-21.788943111109113},"width":2.3001892514694924,"length":4.779386481035173,"angle":-4.704544868333905,"object_id":"2e5"}]}