{"bounding boxes":[{"center":{"x":25.301212296025312,"y":-7.690887569531298},"width":2.581190728966693,"length":5.353581343313369,"angle":-1.49268634575008,"object_id":"2e0"},{"center":{"x":20.183582911557437,"y":-14.021157854334072},"width":2.158402161897208,"length":5.274732129251365,"angle":-3.8624571330520694,"object_id":"2e3"},{"center":{"x":22.218749363860862,"y":-21.80098042830138},"width":2.3001892514694924,"length":4.779386481035173,"angle":-4.704544868333905,"object_id":"2e5"}]}