{"bounding boxes":[{"center":{"x":26.424195581636372,"y":-7.766287888904114},"width":2.581190728966693,"length":5.353581343313369,"angle":-1.49268634575008,"object_id":"2e0"},{"center":{"x":20.084107657067054,"y":-13.648836391703684},"width":2.1584021618972073,"length":5.27473212925136,"angle":-3.777702421194811,"object_id":"2e3"},{"center":{"x":21.47109706144918,"y":-21.813017748382336},"width":2.3001892514694924,"length":4.779386481035173,"angle":-4.704544868333905,"object_id":"2e5"}]}