{"bounding boxes":[{"center":{"x":27.174857348902577,"y":-7.941163495273333},"width":2.5811907289666935,"length":5.353581343313369,"angle":-1.49268634575008,"object_id":"2e0"},{"center":{"x":19.984632401782402,"y":-13.276514928822685},"width":2.1584021618972056,"length":5.274732129251363,"angle":-3.7467074551406285,"object_id":"2e3"},{"center":{"x":20.816901312477984,"y":-21.82355040135757},"width":2.3001892514694924,"length":4.779386481035173,"angle":-4.704544868333905,"object_id":"2e5"}]}