{"bounding boxes":[{"center":{"x":28.110927578727587,"y":-8.019573197555829},"width":2.5811907289666935,"length":5.353581343313369,"angle":-1.49268634575008,"object_id":"2e0"},{"center":{"x":19.696739410290313,"y":-12.813746294571619},"width":2.1584021618972056,"length":5.274732129251363,"angle":-3.7467074551406285,"object_id":"2e3"},{"center":{"x":20.349618649156998,"y":-21.83107372665312},"width":2.3001892514694924,"length":4.779386481035173,"angle":-4.704544868333905,"object_id":"2e5"}]}