{"bounding boxes":[{"center":{"x":28.76662813744341,"y":-8.10249695098174},"width":2.5811907289666935,"length":5.353581343313369,"angle":-1.49268634575008,"object_id":"2e0"},{"center":{"x":19.125467461077836,"y":-12.168578616196868},"width":2.1584021618972007,"length":5.274732129251359,"angle":-3.637968895442313,"object_id":"2e3"},{"center":{"x":19.22814026187567,"y":-21.849129704126234},"width":2.3001892514694924,"length":4.779386481035173,"angle":-4.704544868333905,"object_id":"2e5"}]}