{"bounding boxes":[{"center":{"x":29.609241825480137,"y":-8.18241134059652},"width":2.5811907289666935,"length":5.353581343313369,"angle":-1.49268634575008,"object_id":"2e0"},{"center":{"x":19.022982846783858,"y":-11.609344093194016},"width":2.1584021618972007,"length":5.274732129251359,"angle":-3.637968895442313,"object_id":"2e3"},{"center":{"x":18.6674010950702,"y":-21.85815769085025},"width":2.3001892514694924,"length":4.779386481035173,"angle":-4.704544868333905,"object_id":"2e5"}]}