{"bounding boxes":[{"center":{"x":30.543807413683773,"y":-8.167364493506179},"width":2.5811907289666935,"length":5.353581343313376,"angle":-1.49268634575008,"object_id":"2e0"},{"center":{"x":18.926516954946624,"y":-11.42393570432405},"width":2.158402161897201,"length":5.27473212925136,"angle":-3.617698647545093,"object_id":"2e3"},{"center":{"x":17.919748870691908,"y":-21.87019501494309},"width":2.3001892514694924,"length":4.779386481035173,"angle":-4.704544868333905,"object_id":"2e5"}]}