{"bounding boxes":[{"center":{"x":31.294469295145248,"y":-8.342240124904446},"width":2.5811907289666935,"length":5.353581343313376,"angle":-1.49268634575008,"object_id":"2e0"},{"center":{"x":18.822527660619183,"y":-10.771244651137094},"width":2.158402161897192,"length":5.2747321292513565,"angle":-3.6277323030595743,"object_id":"2e3"},{"center":{"x":16.70330938831554,"y":-21.79629911854911},"width":2.3001892514694924,"length":4.779386481035173,"angle":-4.704544868333905,"object_id":"2e5"}]}