{"bounding boxes":[{"center":{"x":32.41895746786054,"y":-8.511097025521304},"width":2.5811907289666935,"length":5.353581343313376,"angle":-1.49268634575008,"object_id":"2e0"},{"center":{"x":18.527111269722347,"y":-9.841193364241025},"width":2.158402161897188,"length":5.274732129251356,"angle":-3.5473275249285847,"object_id":"2e3"},{"center":{"x":16.047609039695303,"y":-21.713375244128915},"width":2.3001892514694924,"length":4.779386481035173,"angle":-4.704544868333905,"object_id":"2e5"}]}