{"bounding boxes":[{"center":{"x":33.074658124476805,"y":-8.59402078988291},"width":2.5811907289666935,"length":5.353581343313376,"angle":-1.49268634575008,"object_id":"2e0"},{"center":{"x":18.23771360393258,"y":-9.284968212488803},"width":2.1584021618971825,"length":5.274732129251355,"angle":-3.506652187328018,"object_id":"2e3"},{"center":{"x":15.113043840772962,"y":-21.728421892663814},"width":2.3001892514694924,"length":4.77938648103517,"angle":-4.704544868333905,"object_id":"2e5"}]}