{"bounding boxes":[{"center":{"x":34.009223781297315,"y":-8.5789739509071},"width":2.5811907289666935,"length":5.35358134331338,"angle":-1.49268634575008,"object_id":"2e0"},{"center":{"x":18.041772465844364,"y":-8.727238381928425},"width":2.1584021618971834,"length":5.274732129251361,"angle":-3.5018521629659247,"object_id":"2e3"},{"center":{"x":14.552304723050469,"y":-21.737449884919364},"width":2.3001892514694924,"length":4.779386481035171,"angle":-4.704544868333905,"object_id":"2e5"}]}