{"bounding boxes":[{"center":{"x":35.13220732959991,"y":-8.654374291206008},"width":2.5811907289666935,"length":5.353581343313376,"angle":-1.49268634575008,"object_id":"2e0"},{"center":{"x":17.937783174920792,"y":-8.074547343832691},"width":2.158402161897165,"length":5.274732129251361,"angle":-3.45536802827621,"object_id":"2e3"},{"center":{"x":13.619244262833366,"y":-21.845953059401168},"width":2.3001892514694924,"length":4.779386481035171,"angle":-4.704544868333905,"object_id":"2e5"}]}