{"bounding boxes":[{"center":{"x":36.35015217784159,"y":-8.821726516297927},"width":2.5811907289666935,"length":5.353581343313376,"angle":-1.49268634575008,"object_id":"2e0"},{"center":{"x":17.640862111482317,"y":-7.0510395503386585},"width":2.158402161897172,"length":5.274732129251361,"angle":-3.413424929499113,"object_id":"2e3"},{"center":{"x":12.211377846126158,"y":-21.49469692800303},"width":2.3001892514694924,"length":4.779386481035171,"angle":-4.704544868333905,"object_id":"2e5"}]}