{"bounding boxes":[{"center":{"x":37.2847179452437,"y":-8.806679674224675},"width":2.5811907289666935,"length":5.353581343313376,"angle":-1.49268634575008,"object_id":"2e0"},{"center":{"x":17.345445728147226,"y":-6.12098829137382},"width":2.158402161897172,"length":5.274732129251362,"angle":-3.413424929499113,"object_id":"2e3"},{"center":{"x":11.650638780481348,"y":-21.503724915468997},"width":2.3001892514694924,"length":4.779386481035171,"angle":-4.704544868333905,"object_id":"2e5"}]}