{"bounding boxes":[{"center":{"x":38.03537995547379,"y":-8.981555319617591},"width":2.5811907289666935,"length":5.353581343313376,"angle":-1.49268634575008,"object_id":"2e0"},{"center":{"x":17.34093168562596,"y":-5.840618697699561},"width":2.158402161897172,"length":5.274732129251362,"angle":-3.413424929499113,"object_id":"2e3"},{"center":{"x":10.902986730926795,"y":-21.51576223463984},"width":2.3001892514694924,"length":4.779386481035171,"angle":-4.704544868333905,"object_id":"2e5"}]}