{"bounding boxes":[{"center":{"x":39.063402344608846,"y":-8.965003798407555},"width":2.5811907289666935,"length":5.353581343313376,"angle":-1.49268634575008,"object_id":"2e0"},{"center":{"x":17.04551530725351,"y":-4.9105674524837415},"width":2.158402161897172,"length":5.274732129251362,"angle":-3.413424929499113,"object_id":"2e3"},{"center":{"x":9.594595651639164,"y":-21.536827546756882},"width":2.3001892514694924,"length":4.779386481035171,"angle":-4.704544868333905,"object_id":"2e5"}]}