{"bounding boxes":[{"center":{"x":39.99947286710385,"y":-9.043413518499351},"width":2.5811907289666935,"length":5.353581343313376,"angle":-1.49268634575008,"object_id":"2e0"},{"center":{"x":16.84506013281054,"y":-4.072468051329775},"width":2.1584021618971794,"length":5.274732129251364,"angle":-3.408323898481022,"object_id":"2e3"},{"center":{"x":8.565069450694786,"y":-21.459922343369513},"width":2.3001892514694924,"length":4.779386481035171,"angle":-4.704544868333905,"object_id":"2e5"}]}