{"bounding boxes":[{"center":{"x":16.64310027864831,"y":-3.140912123147549},"width":2.158402161897171,"length":5.274732129251361,"angle":-3.2724506965413394,"object_id":"2e3"},{"center":{"x":7.62899978449587,"y":-21.38151247330917},"width":2.3001892514694924,"length":4.779386481035171,"angle":-4.704544868333905,"object_id":"2e5"}]}