{"bounding boxes":[{"center":{"x":16.62504410881757,"y":-2.019433764250965},"width":2.158402161897171,"length":5.274732129251361,"angle":-3.2724506965413394,"object_id":"2e3"},{"center":{"x":7.068260807396876,"y":-21.390540463300653},"width":2.3001892514694924,"length":4.779386481035171,"angle":-4.704544868333905,"object_id":"2e5"}]}