{"bounding boxes":[{"center":{"x":16.147228733387895,"y":-1.3727615206452668},"width":2.158402161897171,"length":5.274732129251361,"angle":-3.2724506965413394,"object_id":"2e3"},{"center":{"x":5.7598699161338205,"y":-21.41160577239048},"width":2.3001892514694924,"length":4.779386481035171,"angle":-4.704544868333905,"object_id":"2e5"}]}