{"bounding boxes":[{"center":{"x":16.139705329302394,"y":-0.9054788717633666},"width":2.158402161897171,"length":5.274732129251361,"angle":-3.2724506965413394,"object_id":"2e3"},{"center":{"x":5.294092145427592,"y":-21.512585612199068},"width":2.3001892514694924,"length":4.779386481035171,"angle":-4.704544868333905,"object_id":"2e5"}]}