{"bounding boxes":[{"center":{"x":28.926464627653125,"y":-18.20507123444387},"width":2.4389618364659866,"length":4.780367383334882,"angle":-4.597629199949262,"object_id":"2b3"},{"center":{"x":19.238461196923872,"y":-31.670754414458486},"width":2.643976861699316,"length":5.21921174797915,"angle":-3.206395877189757,"object_id":"2b4"},{"center":{"x":14.980914815837147,"y":-26.003220211275753},"width":2.5382433845593417,"length":4.995249250056614,"angle":-3.1915960298117083,"object_id":"2b5"},{"center":{"x":28.808903502552226,"y":-22.168957491109193},"width":2.5299100776803343,"length":4.79768659632414,"angle":-4.701689892028853,"object_id":"2b6"}]}