{"bounding boxes":[{"center":{"x":28.607495173360277,"y":-18.198468027381825},"width":2.4389618364659866,"length":4.780367383334882,"angle":-4.597629199949262,"object_id":"2b3"},{"center":{"x":19.251667543450814,"y":-31.032815672612156},"width":2.643976861699316,"length":5.219211747979143,"angle":-3.206395877189757,"object_id":"2b4"},{"center":{"x":15.007327507242037,"y":-24.727342807244582},"width":2.5382433845593417,"length":4.995249250056614,"angle":-3.1915960298117083,"object_id":"2b5"},{"center":{"x":28.702580349632875,"y":-22.16675641574035},"width":2.5299100776803343,"length":4.79768659632414,"angle":-4.701689892028853,"object_id":"2b6"}]}