{"bounding boxes":[{"center":{"x":28.18660468955091,"y":-17.97701747628857},"width":2.4389618364659866,"length":4.780367383334882,"angle":-4.597629199949262,"object_id":"2b3"},{"center":{"x":18.44443139229172,"y":-23.783033613923934},"width":2.643976861699316,"length":5.219211747979157,"angle":-3.206395877189757,"object_id":"2b4"},{"center":{"x":14.677536927045269,"y":-9.82890018923456},"width":2.5382433845593333,"length":4.995249250056617,"angle":-3.1915960298117083,"object_id":"2b5"},{"center":{"x":28.489934053826175,"y":-22.162354265534336},"width":2.5299100776803343,"length":4.79768659632414,"angle":-4.701689892028853,"object_id":"2b6"}]}