{"bounding boxes":[{"center":{"x":27.444543719402716,"y":-17.855286851863557},"width":2.4389618364659866,"length":4.780367383334882,"angle":-4.597629199949262,"object_id":"2b3"},{"center":{"x":18.212159645340073,"y":-9.312083809333117},"width":2.643976861699316,"length":5.219211747979154,"angle":-3.206395877189757,"object_id":"2b4"},{"center":{"x":15.196130145659186,"y":4.945610746223253},"width":2.538243384559305,"length":4.995249250056615,"angle":-3.1915960298117083,"object_id":"2b5"},{"center":{"x":25.834056468840757,"y":-22.001004236296815},"width":2.5299100776803343,"length":4.79768659632414,"angle":-4.701689892028853,"object_id":"2b6"}]}