{"bounding boxes":[{"center":{"x":26.598360671833113,"y":-17.625032032035648},"width":2.438961836465987,"length":4.780367383334888,"angle":-4.428704701804427,"object_id":"2b3"},{"center":{"x":18.123444989206206,"y":-8.459297787670838},"width":2.643976861699316,"length":5.2192117479791555,"angle":-3.206395877189757,"object_id":"2b4"},{"center":{"x":15.215939663941288,"y":5.902518786131641},"width":2.538243384559305,"length":4.995249250056615,"angle":-3.1915960298117083,"object_id":"2b5"},{"center":{"x":25.1939165740188,"y":-22.094120918299406},"width":2.5299100776803343,"length":4.79768659632414,"angle":-4.701689892028853,"object_id":"2b6"}]}