{"bounding boxes":[{"center":{"x":25.858500804738284,"y":-17.39697828668918},"width":2.438961836465987,"length":4.780367383334888,"angle":-4.428704701804427,"object_id":"2b3"},{"center":{"x":18.039132448173753,"y":-7.3938655227675865},"width":2.643976861699316,"length":5.2192117479791555,"angle":-3.206395877189757,"object_id":"2b4"},{"center":{"x":15.246754470251819,"y":7.391042408300486},"width":2.5382433845593084,"length":4.995249250056615,"angle":-3.1915960298117083,"object_id":"2b5"},{"center":{"x":24.76862401620403,"y":-22.08531661275575},"width":2.5299100776803343,"length":4.79768659632414,"angle":-4.701689892028853,"object_id":"2b6"}]}