{"bounding boxes":[{"center":{"x":25.546134554337733,"y":-17.071405684554662},"width":2.438961836465987,"length":4.780367383334888,"angle":-4.428704701804427,"object_id":"2b3"},{"center":{"x":17.85509996367098,"y":-6.007262847633724},"width":2.643976861699316,"length":5.219211747979154,"angle":-3.206395877189757,"object_id":"2b4"},{"center":{"x":15.05831988711482,"y":8.564998743634629},"width":2.5382433845593084,"length":4.995249250056615,"angle":-3.1915960298117083,"object_id":"2b5"},{"center":{"x":24.34553252530133,"y":-21.970189179387077},"width":2.5299100776803343,"length":4.79768659632414,"angle":-4.701689892028853,"object_id":"2b6"}]}