{"bounding boxes":[{"center":{"x":25.016719908513174,"y":-16.954077209954086},"width":2.438961836465987,"length":4.780367383334888,"angle":-4.428704701804427,"object_id":"2b3"},{"center":{"x":17.892517944257342,"y":-4.199769805643822},"width":2.643976861699316,"length":5.219211747979154,"angle":-3.206395877189757,"object_id":"2b4"},{"center":{"x":23.920239980332383,"y":-21.961384879292773},"width":2.5299100776803343,"length":4.79768659632414,"angle":-4.701689892028853,"object_id":"2b6"}]}