{"bounding boxes":[{"center":{"x":24.279061108300397,"y":-16.61970033823982},"width":2.438961836465987,"length":4.780367383334888,"angle":-4.428704701804427,"object_id":"2b3"},{"center":{"x":17.828014923639095,"y":-2.177429476092982},"width":2.643976861699316,"length":5.219211747979154,"angle":-3.206395877189757,"object_id":"2b4"},{"center":{"x":23.067453850804384,"y":-22.0500994016634},"width":2.5299100776803343,"length":4.79768659632414,"angle":-4.701689892028853,"object_id":"2b6"}]}