{"bounding boxes":[{"center":{"x":23.122712978113007,"y":-15.957549829740461},"width":2.438961836465987,"length":4.780367383334888,"angle":-4.428704701804427,"object_id":"2b3"},{"center":{"x":17.77231613420374,"y":0.27020332469317054},"width":2.643976861699316,"length":5.219211747979154,"angle":-3.206395877189757,"object_id":"2b4"},{"center":{"x":21.581131098013294,"y":-21.912961213012927},"width":2.5299100776803343,"length":4.79768659632414,"angle":-4.701689892028853,"object_id":"2b6"}]}