{"bounding boxes":[{"center":{"x":22.70182256625106,"y":-15.736099308645635},"width":2.438961836465983,"length":4.780367383334896,"angle":-4.124580907547897,"object_id":"2b3"},{"center":{"x":17.568474132625155,"y":0.6998978929947253},"width":2.643976861699316,"length":5.219211747979154,"angle":-3.206395877189757,"object_id":"2b4"},{"center":{"x":20.730546067605836,"y":-21.89535261664844},"width":2.5299100776803343,"length":4.79768659632414,"angle":-4.701689892028853,"object_id":"2b6"}]}