{"bounding boxes":[{"center":{"x":22.70182256625106,"y":-15.736099308645635},"width":2.438961836465983,"length":4.780367383334896,"angle":-4.124580907547897,"object_id":"2b3"},{"center":{"x":17.69460676638854,"y":1.6546049269901637},"width":2.643976861699316,"length":5.219211747979154,"angle":-3.206395877189757,"object_id":"2b4"},{"center":{"x":20.09260730261238,"y":-21.882146167592985},"width":2.5299100776803343,"length":4.79768659632414,"angle":-4.701689892028853,"object_id":"2b6"}]}