{"bounding boxes":[{"center":{"x":21.86884599926359,"y":-14.86790578149525},"width":2.438961836465986,"length":4.780367383334896,"angle":-4.124580907547897,"object_id":"2b3"},{"center":{"x":17.641109034189505,"y":4.208560842033206},"width":2.643976861699316,"length":5.219211747979154,"angle":-3.206395877189757,"object_id":"2b4"},{"center":{"x":19.029376099099828,"y":-21.860135409308157},"width":2.5299100776803343,"length":4.79768659632414,"angle":-4.701689892028853,"object_id":"2b6"}]}