{"bounding boxes":[{"center":{"x":20.925144218318465,"y":-14.210157455408808},"width":2.438961836465988,"length":4.780367383334901,"angle":-3.9715054488079407,"object_id":"2b3"},{"center":{"x":18.072468031756806,"y":-21.840325737384205},"width":2.5299100776803343,"length":4.79768659632414,"angle":-4.701689892028853,"object_id":"2b6"}]}