{"bounding boxes":[{"center":{"x":20.60733023922218,"y":-13.677695581000098},"width":2.438961836465988,"length":4.780367383334901,"angle":-3.9715054488079407,"object_id":"2b3"},{"center":{"x":17.328537885181845,"y":-21.625922322208922},"width":2.5299100776803343,"length":4.79768659632414,"angle":-4.701689892028853,"object_id":"2b6"}]}