{"bounding boxes":[{"center":{"x":20.289027108467675,"y":-13.357924962273739},"width":2.438961836465987,"length":4.780367383334902,"angle":-3.8086406936580963,"object_id":"2b3"},{"center":{"x":16.69046421752803,"y":-21.62445474502945},"width":2.5299100776803343,"length":4.79768659632414,"angle":-4.701689892028853,"object_id":"2b6"}]}