{"bounding boxes":[{"center":{"x":20.077558762500395,"y":-12.825707688322481},"width":2.438961836465987,"length":4.780367383334902,"angle":-3.8086406936580963,"object_id":"2b3"},{"center":{"x":15.733353714596587,"y":-21.622253376341856},"width":2.5299100776803343,"length":4.79768659632414,"angle":-4.701689892028853,"object_id":"2b6"}]}