{"bounding boxes":[{"center":{"x":19.86584583925383,"y":-12.399836038970125},"width":2.438961836465987,"length":4.780367383334902,"angle":-3.8086406936580963,"object_id":"2b3"},{"center":{"x":14.88209968412918,"y":-21.832987836566062},"width":2.5299100776803343,"length":4.797686596324138,"angle":-4.701689892028853,"object_id":"2b6"}]}