{"bounding boxes":[{"center":{"x":2.10179044249222,"y":-4.568175417939291},"width":2.9183055984466915,"length":6.5410315309034175,"angle":55.02235785107431,"object_id":"2f0"},{"center":{"x":0.4930707650156798,"y":-8.420126128584688},"width":3.220199857078636,"length":6.943556847435704,"angle":-1.577695871421943,"object_id":"2f1"},{"center":{"x":19.301001507434226,"y":-11.584288989392837},"width":2.671651332028308,"length":4.980391145869305,"angle":-3.7836736076076374,"object_id":"2f3"},{"center":{"x":19.063486390424917,"y":-34.95676157179111},"width":2.876977459040572,"length":6.054602828116046,"angle":72.21978339689599,"object_id":"2f4"}]}