{"bounding boxes":[{"center":{"x":2.10179044249222,"y":-4.568175417939291},"width":2.9183055984466915,"length":6.5410315309034175,"angle":55.02235785107431,"object_id":"2f0"},{"center":{"x":1.0381437136229215,"y":-8.41636536599654},"width":3.220199857078636,"length":6.943556847435704,"angle":-1.577695871421943,"object_id":"2f1"},{"center":{"x":19.191234706838376,"y":-11.476026509123816},"width":2.671651332028306,"length":4.980391145869305,"angle":-3.647798588474859,"object_id":"2f3"},{"center":{"x":19.063486390424917,"y":-34.95676157179111},"width":2.876977459040572,"length":6.054602828116046,"angle":72.21978339689599,"object_id":"2f4"}]}