{"bounding boxes":[{"center":{"x":19.654377497159764,"y":-11.867618770857959},"width":2.438961836465987,"length":4.7803673833349,"angle":-3.7466033812768167,"object_id":"2b3"},{"center":{"x":14.031334825033042,"y":-21.831031060587094},"width":2.5299100776803343,"length":4.797686596324134,"angle":-4.701689892028853,"object_id":"2b6"}]}