{"bounding boxes":[{"center":{"x":19.337297277007128,"y":-11.016120066764977},"width":2.438961836465987,"length":4.7803673833349,"angle":-3.7466033812768167,"object_id":"2b3"},{"center":{"x":13.286915610723376,"y":-21.82931888622607},"width":2.5299100776803343,"length":4.797686596324134,"angle":-4.701689892028853,"object_id":"2b6"}]}