{"bounding boxes":[{"center":{"x":18.91338227465104,"y":-10.377068021141763},"width":2.438961836465987,"length":4.7803673833349,"angle":-3.7466033812768167,"object_id":"2b3"},{"center":{"x":12.329805209825722,"y":-21.82711751485811},"width":2.5299100776803343,"length":4.797686596324134,"angle":-4.701689892028853,"object_id":"2b6"}]}