{"bounding boxes":[{"center":{"x":18.701180200723098,"y":-10.163887625206723},"width":2.4389618364659866,"length":4.7803673833349,"angle":-3.6309919088730735,"object_id":"2b3"},{"center":{"x":11.585386022718037,"y":-21.82540534282694},"width":2.5299100776803343,"length":4.797686596324134,"angle":-4.701689892028853,"object_id":"2b6"}]}