{"bounding boxes":[{"center":{"x":18.27702062819369,"y":-9.631181212782},"width":2.4389618364659866,"length":4.7803673833349,"angle":-3.6309919088730735,"object_id":"2b3"},{"center":{"x":10.734376667342218,"y":-21.929794180458646},"width":2.5299100776803343,"length":4.797686596324134,"angle":-4.701689892028853,"object_id":"2b6"}]}