{"bounding boxes":[{"center":{"x":10.501179162952731,"y":-5.273361611368066},"width":2.9183055984466986,"length":6.54103153090341,"angle":111.61634532690873,"object_id":"2f0"},{"center":{"x":6.058831912804098,"y":-9.25388327909917},"width":3.220199857078651,"length":6.943556847435696,"angle":42.57144686745676,"object_id":"2f1"},{"center":{"x":18.246882313938563,"y":4.393758546829712},"width":2.8769774590405714,"length":6.0546028281160496,"angle":72.21978339689599,"object_id":"2f4"},{"center":{"x":27.884422605082534,"y":-17.25043288757289},"width":2.507396385211719,"length":5.014794956123498,"angle":70.67893532051657,"object_id":"2f5"}]}