{"bounding boxes":[{"center":{"x":15.446883510970398,"y":-33.68268302084938},"width":3.323306844075461,"length":8.212094234859201,"angle":204.21113256247358,"object_id":"2c1"},{"center":{"x":18.136561366340988,"y":-18.817372367402278},"width":2.875407615064033,"length":5.648122841501663,"angle":-3.1115772204411987,"object_id":"2c2"},{"center":{"x":-6.45781371351903,"y":-8.595650173368771},"width":3.2226093242142406,"length":6.601778620505416,"angle":-1.5426318034981885,"object_id":"2c3"}]}