{"bounding boxes":[{"center":{"x":15.452032437940096,"y":-33.234940424827386},"width":3.3233068440754634,"length":8.212094234859201,"angle":204.21113256247358,"object_id":"2c1"},{"center":{"x":18.14171029349887,"y":-18.36962975501608},"width":2.875407615064033,"length":5.648122841501663,"angle":-3.1115772204411987,"object_id":"2c2"},{"center":{"x":-5.898135776260627,"y":-8.602086336213382},"width":3.2226093242142406,"length":6.601778620505416,"angle":-1.5426318034981885,"object_id":"2c3"}]}