{"bounding boxes":[{"center":{"x":15.455894133161506,"y":-32.89913347832227},"width":3.3233068440754634,"length":8.212094234859201,"angle":204.21113256247358,"object_id":"2c1"},{"center":{"x":18.157157074972552,"y":-17.026401917857424},"width":2.875407615064033,"length":5.648122841501663,"angle":-3.1115772204411987,"object_id":"2c2"},{"center":{"x":-5.563616244239093,"y":-8.71788364935669},"width":3.2226093242142406,"length":6.601778620505416,"angle":-1.5426318034981885,"object_id":"2c3"}]}