{"bounding boxes":[{"center":{"x":15.4674792188257,"y":-31.891712638806926},"width":3.3233068440754634,"length":8.212094234859201,"angle":204.21113256247358,"object_id":"2c1"},{"center":{"x":18.170029392847656,"y":-15.907045388596483},"width":2.875407615064033,"length":5.648122841501663,"angle":-3.1115772204411987,"object_id":"2c2"},{"center":{"x":-5.0039382933339915,"y":-8.724319811505815},"width":3.2226093242142406,"length":6.601778620505416,"angle":-1.5426318034981885,"object_id":"2c3"}]}