{"bounding boxes":[{"center":{"x":15.473915377557475,"y":-31.332034392074817},"width":3.323306844075461,"length":8.212094234859201,"angle":204.21113256247358,"object_id":"2c1"},{"center":{"x":18.185476174415427,"y":-14.563817543255716},"width":2.875407615064033,"length":5.648122841501665,"angle":-3.1115772204411987,"object_id":"2c2"},{"center":{"x":-4.556195934733815,"y":-8.729468748020011},"width":3.2226093242142406,"length":6.601778620505416,"angle":-1.5426318034981885,"object_id":"2c3"}]}