{"bounding boxes":[{"center":{"x":15.477777072820016,"y":-30.996227441990058},"width":3.3233068440754634,"length":8.212094234859201,"angle":204.21113256247358,"object_id":"2c1"},{"center":{"x":18.197061260573637,"y":-13.556396660784284},"width":2.875407615064033,"length":5.648122841501665,"angle":-3.1115772204411987,"object_id":"2c2"},{"center":{"x":-4.444260347799421,"y":-8.730755981094429},"width":3.2226093242142406,"length":6.601778620505416,"angle":-1.5426318034981885,"object_id":"2c3"}]}