{"bounding boxes":[{"center":{"x":15.59614888011431,"y":-30.437836465524533},"width":3.3233068440754665,"length":8.212094234859201,"angle":204.21113256247358,"object_id":"2c1"},{"center":{"x":18.20993357854679,"y":-12.437040123000326},"width":2.875407615064033,"length":5.648122841501665,"angle":-3.1115772204411987,"object_id":"2c2"},{"center":{"x":-3.772646792488817,"y":-8.738479384020131},"width":3.2226093242142406,"length":6.601778620505416,"angle":-1.5426318034981885,"object_id":"2c3"}]}