{"bounding boxes":[{"center":{"x":15.391586060798867,"y":-28.756227192656},"width":3.3233068440754634,"length":8.212094234859201,"angle":204.21113256247358,"object_id":"2c1"},{"center":{"x":18.244688836990125,"y":-9.414777478313493},"width":2.875407615064033,"length":5.648122841501665,"angle":-3.1115772204411987,"object_id":"2c2"},{"center":{"x":-3.438127260014667,"y":-8.854276702283144},"width":3.2226093242142406,"length":6.601778620505416,"angle":-1.5426318034981885,"object_id":"2c3"}]}