{"bounding boxes":[{"center":{"x":15.394160524287635,"y":-28.53235589430411},"width":3.323306844075461,"length":8.212094234859201,"angle":204.21113256247358,"object_id":"2c1"},{"center":{"x":18.03240261119473,"y":-8.404782129128208},"width":2.875407615064033,"length":5.648122841501665,"angle":-3.1115772204411987,"object_id":"2c2"},{"center":{"x":-3.1023204941209808,"y":-8.858138403610731},"width":3.2226093242142406,"length":6.601778620505416,"angle":-1.5426318034981885,"object_id":"2c3"},{"center":{"x":18.829110727861085,"y":-29.68256692301174},"width":2.30505812344917,"length":5.377797099065702,"angle":-3.145476977475959,"object_id":"2c4"}]}