{"bounding boxes":[{"center":{"x":15.400596682960568,"y":-27.972677652685814},"width":3.32330684407546,"length":8.212094234859194,"angle":204.21113256247358,"object_id":"2c1"},{"center":{"x":18.04527492903066,"y":-7.285425603276485},"width":2.875407615064033,"length":5.648122841501667,"angle":-3.1115772204411987,"object_id":"2c2"},{"center":{"x":-3.1023204941209808,"y":-8.858138403610731},"width":3.2226093242142406,"length":6.601778620505416,"angle":-1.5426318034981885,"object_id":"2c3"},{"center":{"x":18.836834118656682,"y":-29.010952999318597},"width":2.30505812344917,"length":5.377797099065702,"angle":-3.145476977475959,"object_id":"2c4"}]}