{"bounding boxes":[{"center":{"x":15.421707054718972,"y":-26.40562120157335},"width":3.323306844075465,"length":8.212094234859194,"angle":204.21113256247358,"object_id":"2c1"},{"center":{"x":18.19993907265047,"y":-4.153121780691777},"width":2.875407615064033,"length":5.648122841501667,"angle":-3.1115772204411987,"object_id":"2c2"},{"center":{"x":-2.0949285713107773,"y":-8.871782944237864},"width":3.2226093242142406,"length":6.601778620505416,"angle":-1.5426318034981885,"object_id":"2c3"},{"center":{"x":18.847131973129272,"y":-28.115467760909326},"width":2.30505812344917,"length":5.377797099065702,"angle":-3.145476977475959,"object_id":"2c4"}]}