{"bounding boxes":[{"center":{"x":15.31878894991844,"y":-25.844176364030627},"width":3.3233068440754705,"length":8.212094234859194,"angle":204.21113256247358,"object_id":"2c1"},{"center":{"x":17.997707017422577,"y":-2.806375028845425},"width":2.875407615064033,"length":5.648122841501667,"angle":-3.1115772204411987,"object_id":"2c2"},{"center":{"x":-2.0949285713107773,"y":-8.871782944237864},"width":3.2226093242142406,"length":6.601778620505416,"angle":-1.5426318034981885,"object_id":"2c3"},{"center":{"x":18.765838894699762,"y":-26.21088030073833},"width":2.30505812344917,"length":5.377797099065702,"angle":-3.145476977475959,"object_id":"2c4"}]}