{"bounding boxes":[{"center":{"x":15.224881275408162,"y":-24.723088801030222},"width":3.323306844075465,"length":8.212094234859194,"angle":204.21113256247358,"object_id":"2c1"},{"center":{"x":17.795474962777618,"y":-1.4596282831462468},"width":2.875407615064033,"length":5.648122841501667,"angle":-3.1115772204411987,"object_id":"2c2"},{"center":{"x":-1.759143111337369,"y":-8.877189219332774},"width":3.2226093242142406,"length":6.601778620505416,"angle":-1.5426318034981885,"object_id":"2c3"},{"center":{"x":18.778453499549265,"y":-25.42738045195869},"width":2.30505812344917,"length":5.377797099065702,"angle":-3.145476977475959,"object_id":"2c4"}]}