{"bounding boxes":[{"center":{"x":15.230287534308243,"y":-24.38730317149585},"width":3.3233068440754665,"length":8.212094234859194,"angle":204.21113256247358,"object_id":"2c1"},{"center":{"x":17.815297912681714,"y":-0.22841427068796127},"width":2.875407615064033,"length":5.648122841501667,"angle":-3.1115772204411987,"object_id":"2c2"},{"center":{"x":-1.1995006881792274,"y":-8.886199671693927},"width":3.2226093242142406,"length":6.601778620505416,"angle":-1.5426318034981885,"object_id":"2c3"},{"center":{"x":18.794672277114024,"y":-24.420023509663928},"width":2.30505812344917,"length":5.377797099065702,"angle":-3.145476977475959,"object_id":"2c4"}]}