{"bounding boxes":[{"center":{"x":15.242902138408489,"y":-23.60380336924898},"width":3.3233068440754665,"length":8.212094234859194,"angle":204.21113256247358,"object_id":"2c1"},{"center":{"x":17.943445234546466,"y":0.7771405808558716},"width":2.875407615064033,"length":5.648122841501667,"angle":-3.1115772204411987,"object_id":"2c2"},{"center":{"x":-0.8601110604840971,"y":-8.66774890928578},"width":3.2226093242142406,"length":6.601778620505416,"angle":-1.5426318034981885,"object_id":"2c3"},{"center":{"x":18.812693141074853,"y":-23.30073801822531},"width":2.30505812344917,"length":5.377797099065702,"angle":-3.145476977475959,"object_id":"2c4"}]}