{"bounding boxes":[{"center":{"x":15.143588206155865,"y":-22.818501448588556},"width":3.3233068440754665,"length":8.212094234859194,"angle":204.21113256247358,"object_id":"2c1"},{"center":{"x":17.954257752791264,"y":1.4487118675374586},"width":2.875407615064033,"length":5.648122841501667,"angle":-3.1115772204411987,"object_id":"2c2"},{"center":{"x":-0.8601110604840971,"y":-8.66774890928578},"width":3.2226093242142406,"length":6.601778620505416,"angle":-1.5426318034981885,"object_id":"2c3"},{"center":{"x":18.716983371963686,"y":-22.29157896331813},"width":2.30505812344917,"length":5.377797099065702,"angle":-3.145476977475959,"object_id":"2c4"}]}