{"bounding boxes":[{"center":{"x":15.056888878347099,"y":-21.24969972551644},"width":3.3233068440754687,"length":8.212094234859194,"angle":204.21113256247358,"object_id":"2c1"},{"center":{"x":17.8801730223815,"y":3.8010134425781223},"width":2.875407615064033,"length":5.648122841501667,"angle":-3.1115772204411987,"object_id":"2c2"},{"center":{"x":-0.19034222121610922,"y":-8.79048997120288},"width":3.2226093242142406,"length":6.601778620505416,"angle":-1.5426318034981885,"object_id":"2c3"},{"center":{"x":18.3071130001278,"y":-19.93387098903996},"width":2.30505812344917,"length":5.377797099065702,"angle":-3.145476977475959,"object_id":"2c4"}]}