{"bounding boxes":[{"center":{"x":15.06950348246649,"y":-20.46619992207643},"width":3.3233068440754665,"length":8.212094234859194,"angle":204.21113256247358,"object_id":"2c1"},{"center":{"x":17.910808490508437,"y":5.703798740354394},"width":2.875407615064033,"length":5.648122841501667,"angle":-3.1115772204411987,"object_id":"2c2"},{"center":{"x":-0.19034222121610922,"y":-8.79048997120288},"width":3.2226093242142406,"length":6.601778620505416,"angle":-1.5426318034981885,"object_id":"2c3"},{"center":{"x":18.4352603229856,"y":-18.928316160528816},"width":2.30505812344917,"length":5.377797099065702,"angle":-3.145476977475959,"object_id":"2c4"}]}