{"bounding boxes":[{"center":{"x":15.085722259191424,"y":-19.45884303193928},"width":3.3233068440754687,"length":8.212094234859194,"angle":204.21113256247358,"object_id":"2c1"},{"center":{"x":-0.19034222121610922,"y":-8.79048997120288},"width":3.2226093242142406,"length":6.601778620505416,"angle":-1.5426318034981885,"object_id":"2c3"},{"center":{"x":18.456885359672718,"y":-17.58517357489327},"width":2.30505812344917,"length":5.377797099065702,"angle":-3.145476977475959,"object_id":"2c4"},{"center":{"x":42.48402790415848,"y":-18.877369394434584},"width":2.407566202474562,"length":4.876458903855442,"angle":52.00001379840274,"object_id":"2c6"}]}