{"bounding boxes":[{"center":{"x":14.78778046401777,"y":-17.102937298626767},"width":3.3233068440754634,"length":8.212094234859194,"angle":204.21113256247358,"object_id":"2c1"},{"center":{"x":0.36749814998159325,"y":-8.911428951780083},"width":3.2226093242142397,"length":6.601778620505416,"angle":-1.5426318034981885,"object_id":"2c3"},{"center":{"x":18.290695031141638,"y":-13.999855789172283},"width":2.30505812344917,"length":5.377797099065705,"angle":-3.145476977475959,"object_id":"2c4"},{"center":{"x":39.913273906830305,"y":-18.612063710362786},"width":2.407566202474562,"length":4.876458903855442,"angle":52.00001379840274,"object_id":"2c6"}]}