{"bounding boxes":[{"center":{"x":14.690268619214699,"y":-16.20570684810531},"width":3.323306844075465,"length":8.212094234859194,"angle":204.21113256247358,"object_id":"2c1"},{"center":{"x":0.7032836200668595,"y":-8.916835234198535},"width":3.2226093242142397,"length":6.601778620505416,"angle":-1.5426318034981885,"object_id":"2c3"},{"center":{"x":18.308715895129907,"y":-12.880570296029163},"width":2.30505812344917,"length":5.377797099065702,"angle":-3.145476977475959,"object_id":"2c4"},{"center":{"x":39.46736154834878,"y":-18.492926692461573},"width":2.407566202474562,"length":4.876458903855442,"angle":52.00001379840274,"object_id":"2c6"}]}