{"bounding boxes":[{"center":{"x":14.484432413397634,"y":-15.082817213317508},"width":3.323306844075465,"length":8.212094234859194,"angle":204.21113256247358,"object_id":"2c1"},{"center":{"x":0.7032836200668595,"y":-8.916835234198535},"width":3.2226093242142397,"length":6.601778620505416,"angle":-1.5426318034981885,"object_id":"2c3"},{"center":{"x":18.218412384971025,"y":-11.535625608349088},"width":2.30505812344917,"length":5.377797099065702,"angle":-3.145476977475959,"object_id":"2c4"},{"center":{"x":38.687465481969944,"y":-18.256454775036374},"width":2.407566202474562,"length":4.876458903855442,"angle":52.00001379840274,"object_id":"2c6"}]}