{"bounding boxes":[{"center":{"x":14.497047017420979,"y":-14.299317415843241},"width":3.3233068440754665,"length":8.2120942348592,"angle":204.21113256247358,"object_id":"2c1"},{"center":{"x":0.7032836200668595,"y":-8.916835234198535},"width":3.2226093242142397,"length":6.601778620505416,"angle":-1.5426318034981885,"object_id":"2c3"},{"center":{"x":18.128108875714027,"y":-10.190680928185266},"width":2.30505812344917,"length":5.377797099065702,"angle":-3.145476977475959,"object_id":"2c4"},{"center":{"x":38.35167965963841,"y":-18.251048450631366},"width":2.407566202474562,"length":4.876458903855442,"angle":52.00001379840274,"object_id":"2c6"}]}