{"bounding boxes":[{"center":{"x":14.50785953520467,"y":-13.627746157797192},"width":3.3233068440754687,"length":8.212094234859205,"angle":204.21113256247358,"object_id":"2c1"},{"center":{"x":0.7032836200668595,"y":-8.916835234198535},"width":3.2226093242142397,"length":6.601778620505416,"angle":-1.5426318034981885,"object_id":"2c3"},{"center":{"x":17.92227264874893,"y":-9.067791251456473},"width":2.30505812344917,"length":5.377797099065702,"angle":-3.145476977475959,"object_id":"2c4"},{"center":{"x":38.127822445806366,"y":-18.247444232332438},"width":2.407566202474562,"length":4.876458903855442,"angle":52.00001379840274,"object_id":"2c6"}]}