{"bounding boxes":[{"center":{"x":14.520474139247222,"y":-12.84424635912978},"width":3.3233068440754705,"length":8.212094234859208,"angle":204.21113256247358,"object_id":"2c1"},{"center":{"x":1.039069093285875,"y":-8.922241512575628},"width":3.2226093242142397,"length":6.601778620505416,"angle":-1.5426318034981885,"object_id":"2c3"},{"center":{"x":17.943897685304393,"y":-7.724648674002501},"width":2.30505812344917,"length":5.3777970990657,"angle":-3.145476977475959,"object_id":"2c4"},{"center":{"x":37.79203662656763,"y":-18.242037906442782},"width":2.407566202474562,"length":4.876458903855442,"angle":52.00001379840274,"object_id":"2c6"}]}