{"bounding boxes":[{"center":{"x":14.53128665699798,"y":-12.172675103129123},"width":3.3233068440754705,"length":8.212094234859203,"angle":204.21113256247358,"object_id":"2c1"},{"center":{"x":1.039069093285875,"y":-8.922241512575628},"width":3.2226093242142397,"length":6.601778620505416,"angle":-1.5426318034981885,"object_id":"2c3"},{"center":{"x":17.96732480813243,"y":-6.269577555074889},"width":2.30505812344917,"length":5.377797099065697,"angle":-3.145476977475959,"object_id":"2c4"},{"center":{"x":36.2322445437685,"y":-17.76909408194433},"width":2.407566202474562,"length":4.876458903855442,"angle":52.00001379840274,"object_id":"2c6"}]}