{"bounding boxes":[{"center":{"x":14.545703347354412,"y":-11.277246760431337},"width":3.323306844075472,"length":8.212094234859205,"angle":204.21113256247358,"object_id":"2c1"},{"center":{"x":1.039069093285875,"y":-8.922241512575628},"width":3.2226093242142397,"length":6.601778620505416,"angle":-1.5426318034981885,"object_id":"2c3"},{"center":{"x":17.992554017408622,"y":-4.702577883764892},"width":2.30505812344917,"length":5.3777970990656945,"angle":-3.145476977475959,"object_id":"2c4"},{"center":{"x":35.78453014461919,"y":-17.761885653307306},"width":2.407566202474562,"length":4.876458903855442,"angle":52.00001379840274,"object_id":"2c6"}]}