{"bounding boxes":[{"center":{"x":14.561922124005314,"y":-10.269889874896313},"width":3.323306844075472,"length":8.212094234859205,"angle":204.21113256247358,"object_id":"2c1"},{"center":{"x":1.039069093285875,"y":-8.922241512575628},"width":3.2226093242142397,"length":6.601778620505416,"angle":-1.5426318034981885,"object_id":"2c3"},{"center":{"x":18.012376967524034,"y":-3.471363858181981},"width":2.30505812344917,"length":5.3777970990656945,"angle":-3.145476977475959,"object_id":"2c4"},{"center":{"x":35.44874434072929,"y":-17.756479327153357},"width":2.407566202474562,"length":4.876458903855442,"angle":52.00001379840274,"object_id":"2c6"}]}