{"bounding boxes":[{"center":{"x":14.536493732722636,"y":-4.895517751150493},"width":3.32330684407546,"length":8.212094234859208,"angle":204.21113256247358,"object_id":"2c1"},{"center":{"x":1.039069093285875,"y":-8.922241512575628},"width":3.2226093242142397,"length":6.601778620505416,"angle":-1.5426318034981885,"object_id":"2c3"},{"center":{"x":17.56446359740812,"y":3.4772165118066596},"width":2.30505812344917,"length":5.377797099065693,"angle":-3.145476977475959,"object_id":"2c4"},{"center":{"x":33.78062789058077,"y":-17.057876267138425},"width":2.407566202474562,"length":4.876458903855442,"angle":52.00001379840274,"object_id":"2c6"}]}