{"bounding boxes":[{"center":{"x":14.435377715715838,"y":-4.222144404723052},"width":3.32330684407546,"length":8.212094234859212,"angle":204.21113256247358,"object_id":"2c1"},{"center":{"x":1.039069093285875,"y":-8.922241512575628},"width":3.2226093242142397,"length":6.601778620505416,"angle":-1.5426318034981885,"object_id":"2c3"},{"center":{"x":17.589692806607474,"y":5.04421617834407},"width":2.30505812344917,"length":5.377797099065693,"angle":-3.145476977475959,"object_id":"2c4"},{"center":{"x":32.09989697828171,"y":-17.142773236196287},"width":2.407566202474562,"length":4.876458903855442,"angle":52.00001379840274,"object_id":"2c6"}]}