{"bounding boxes":[{"center":{"x":14.359490906106986,"y":-1.9817714612906894},"width":3.323306844075465,"length":8.212094234859212,"angle":204.21113256247358,"object_id":"2c1"},{"center":{"x":1.039069093285875,"y":-8.922241512575628},"width":3.2226093242142397,"length":6.601778620505416,"angle":-1.5426318034981885,"object_id":"2c3"},{"center":{"x":17.631140792869374,"y":7.618572755983939},"width":2.30505812344917,"length":5.377797099065694,"angle":-3.145476977475959,"object_id":"2c4"},{"center":{"x":30.477833170833108,"y":-17.060678483803635},"width":2.5109101758335735,"length":3.420562068389339,"angle":52.00001379840274,"object_id":"2c6"}]}