{"bounding boxes":[{"center":{"x":14.260176978540331,"y":-1.1964695884440892},"width":3.3233068440754665,"length":8.21209423485921,"angle":204.21113256247358,"object_id":"2c1"},{"center":{"x":1.039069093285875,"y":-8.922241512575628},"width":3.2226093242142397,"length":6.601778620505416,"angle":-1.5426318034981885,"object_id":"2c3"},{"center":{"x":17.549847718896594,"y":9.523160111740927},"width":2.30505812344917,"length":5.377797099065694,"angle":-3.145476977475959,"object_id":"2c4"},{"center":{"x":29.861324920688396,"y":-17.10673117508238},"width":2.3178506335744253,"length":3.957721822581877,"angle":52.00001379840274,"object_id":"2c6"}]}