{"bounding boxes":[{"center":{"x":14.289010359134993,"y":0.5943870896221424},"width":3.3233068440754665,"length":8.212094234859212,"angle":204.21113256247358,"object_id":"2c1"},{"center":{"x":1.039069093285875,"y":-8.922241512575628},"width":3.2226093242142397,"length":6.601778620505416,"angle":-1.5426318034981885,"object_id":"2c3"},{"center":{"x":17.50459637001181,"y":13.666318422630212},"width":2.30505812344917,"length":5.377797099065696,"angle":-3.145476977475959,"object_id":"2c4"},{"center":{"x":29.07782485255757,"y":-17.094116427919253},"width":2.3178506335744253,"length":3.957721822581877,"angle":52.00001379840274,"object_id":"2c6"}]}