{"bounding boxes":[{"center":{"x":14.301624963023864,"y":1.3778868787443757},"width":3.3233068440754665,"length":8.212094234859212,"angle":204.21113256247358,"object_id":"2c1"},{"center":{"x":1.039069093285875,"y":-8.922241512575628},"width":3.2226093242142397,"length":6.601778620505416,"angle":-1.5426318034981885,"object_id":"2c3"},{"center":{"x":29.07782485255757,"y":-17.094116427919253},"width":2.317850633574428,"length":3.9577218225818815,"angle":51.95005515834098,"object_id":"2c6"}]}