{"bounding boxes":[{"center":{"x":14.330458343560895,"y":3.1687435532311623},"width":3.3233068440754665,"length":8.212094234859213,"angle":204.21113256247358,"object_id":"2c1"},{"center":{"x":1.039069093285875,"y":-8.922241512575628},"width":3.2226093242142397,"length":6.601778620505416,"angle":-1.5426318034981885,"object_id":"2c3"},{"center":{"x":29.07782485255757,"y":-17.094116427919253},"width":2.317850633574428,"length":3.9577218225818815,"angle":51.95005515834098,"object_id":"2c6"},{"center":{"x":16.106784023882224,"y":-29.742541591192523},"width":2.686633801381069,"length":5.597153364974539,"angle":-3.125493797172067,"object_id":"2c8"}]}