{"bounding boxes":[{"center":{"x":14.3466771201624,"y":4.176100435698069},"width":3.3233068440754665,"length":8.212094234859213,"angle":204.21113256247358,"object_id":"2c1"},{"center":{"x":1.2611239952235498,"y":-9.037774223023217},"width":3.2226093242142397,"length":6.601778620505416,"angle":-1.5426318034981885,"object_id":"2c3"},{"center":{"x":28.742039120182348,"y":-17.08871010751997},"width":2.317850633574428,"length":3.9577218225818815,"angle":51.95005515834098,"object_id":"2c6"},{"center":{"x":16.00386591524883,"y":-29.181096737561845},"width":2.686633801381069,"length":5.597153364974539,"angle":-3.125493797172067,"object_id":"2c8"}]}