{"bounding boxes":[{"center":{"x":1.4885851529951002,"y":-8.81752136731078},"width":3.2226093242142397,"length":6.601778620505416,"angle":-1.5426318034981885,"object_id":"2c3"},{"center":{"x":28.51818196559001,"y":-17.085105894948665},"width":2.317850633574428,"length":3.9577218225818815,"angle":51.95005515834098,"object_id":"2c6"},{"center":{"x":16.26536761728099,"y":-19.892829578554917},"width":2.686633801381062,"length":5.597153364974539,"angle":-3.125493797172067,"object_id":"2c8"},{"center":{"x":19.357416150688906,"y":-36.45635424213492},"width":2.3508037732491203,"length":4.477723447881646,"angle":-3.186954823500572,"object_id":"2c9"}]}