{"bounding boxes":[{"center":{"x":1.4885851529951002,"y":-8.81752136731078},"width":3.2226093242142397,"length":6.601778620505416,"angle":-1.5426318034981885,"object_id":"2c3"},{"center":{"x":27.400698308093588,"y":-16.955156256478265},"width":2.317850633574428,"length":3.9577218225818815,"angle":51.95005515834098,"object_id":"2c6"},{"center":{"x":16.425554114164783,"y":-2.9898171296361467},"width":2.6866338013810656,"length":5.597153364974545,"angle":-3.125493797172067,"object_id":"2c8"},{"center":{"x":19.33559192278097,"y":-30.85812458842939},"width":2.3508037732491203,"length":4.477723447881642,"angle":-3.186954823500572,"object_id":"2c9"}]}