{"bounding boxes":[{"center":{"x":1.4885851529951002,"y":-8.81752136731078},"width":3.2226093242142397,"length":6.601778620505416,"angle":-1.5426318034981885,"object_id":"2c3"},{"center":{"x":27.400698308093588,"y":-16.955156256478265},"width":2.317850633574428,"length":3.9577218225818815,"angle":51.95005515834098,"object_id":"2c6"},{"center":{"x":17.39807377476788,"y":15.691437571552129},"width":2.6866338013810673,"length":5.597153364974547,"angle":-3.125493797172067,"object_id":"2c8"},{"center":{"x":19.16559822650782,"y":-20.555291617948946},"width":2.3508037732491203,"length":4.477723447881646,"angle":-3.186954823500572,"object_id":"2c9"}]}