{"bounding boxes":[{"center":{"x":1.3712503999190635,"y":-9.151504842625052},"width":3.2226093242142397,"length":6.601778620505417,"angle":-1.5285687289655672,"object_id":"2c3"},{"center":{"x":26.622604549490497,"y":-16.60675582740185},"width":2.317850633574428,"length":3.9577218225818815,"angle":51.95005515834098,"object_id":"2c6"},{"center":{"x":17.728253955413116,"y":22.291617734213375},"width":2.6866338013810673,"length":5.597153364974547,"angle":-3.125493797172067,"object_id":"2c8"},{"center":{"x":19.01022041576403,"y":-16.298402510417247},"width":2.3508037732491203,"length":4.477723447881646,"angle":-3.186954823500572,"object_id":"2c9"}]}