{"bounding boxes":[{"center":{"x":1.3712503999190635,"y":-9.151504842625052},"width":3.2226093242142397,"length":6.601778620505417,"angle":-1.5285687289655672,"object_id":"2c3"},{"center":{"x":25.508725114571206,"y":-16.25294909059284},"width":2.317850633574428,"length":3.9577218225818815,"angle":51.95005515834098,"object_id":"2c6"},{"center":{"x":18.78255995936732,"y":-9.577283253441603},"width":2.3508037732491203,"length":4.477723447881644,"angle":-3.186954823500572,"object_id":"2c9"}]}