{"bounding boxes":[{"center":{"x":1.3712503999190635,"y":-9.151504842625052},"width":3.2226093242142397,"length":6.601778620505417,"angle":-1.5285687289655672,"object_id":"2c3"},{"center":{"x":25.176543586955233,"y":-16.02368565605318},"width":2.317850633574428,"length":3.9577218225818815,"angle":51.95005515834098,"object_id":"2c6"},{"center":{"x":18.388908362808504,"y":-6.212218415429522},"width":2.3508037732491203,"length":4.477723447881645,"angle":-3.186954823500572,"object_id":"2c9"}]}