{"bounding boxes":[{"center":{"x":1.3712503999190635,"y":-9.151504842625052},"width":3.2226093242142397,"length":6.601778620505417,"angle":-1.5285687289655672,"object_id":"2c3"},{"center":{"x":23.956141890855207,"y":-15.332291156043336},"width":2.317850633574431,"length":3.95772182258188,"angle":52.26300828190592,"object_id":"2c6"},{"center":{"x":18.229926380787514,"y":-2.179186502709498},"width":2.3508037732491203,"length":4.477723447881645,"angle":-3.186954823500572,"object_id":"2c9"}]}