{"bounding boxes":[{"center":{"x":1.3712503999190635,"y":-9.151504842625052},"width":3.2226093242142397,"length":6.601778620505417,"angle":-1.5285687289655672,"object_id":"2c3"},{"center":{"x":23.291778866981296,"y":-14.873764308951046},"width":2.3178506335744262,"length":3.9577218225818798,"angle":52.50109008392468,"object_id":"2c6"},{"center":{"x":18.2623639357193,"y":-0.1644726303923434},"width":2.3508037732491203,"length":4.477723447881644,"angle":-3.186954823500572,"object_id":"2c9"}]}