{"bounding boxes":[{"center":{"x":1.3712503999190635,"y":-9.151504842625052},"width":3.2226093242142397,"length":6.601778620505417,"angle":-1.5285687289655672,"object_id":"2c3"},{"center":{"x":22.851272974441713,"y":-14.418841678829434},"width":2.317850633574429,"length":3.9577218225818798,"angle":52.50109008392468,"object_id":"2c6"},{"center":{"x":18.273176453980497,"y":0.5070986573119398},"width":2.3508037732491203,"length":4.477723447881644,"angle":-3.186954823500572,"object_id":"2c9"}]}