{"bounding boxes":[{"center":{"x":1.3712503999190635,"y":-9.151504842625052},"width":3.2226093242142397,"length":6.601778620505417,"angle":-1.5285687289655672,"object_id":"2c3"},{"center":{"x":22.52089355956236,"y":-14.077649711084907},"width":2.3178506335744244,"length":3.9577218225818793,"angle":52.612825959511156,"object_id":"2c6"},{"center":{"x":18.303811922480598,"y":2.409883978269371},"width":2.3508037732491203,"length":4.477723447881644,"angle":-3.186954823500572,"object_id":"2c9"}]}