{"bounding boxes":[{"center":{"x":1.7070358874065197,"y":-9.156911124300743},"width":3.2226093242142397,"length":6.601778620505417,"angle":-1.5285687289655672,"object_id":"2c3"},{"center":{"x":22.08399185074012,"y":-13.39886998182854},"width":2.3178506335744244,"length":3.9577218225818793,"angle":52.612825959511156,"object_id":"2c6"},{"center":{"x":18.31822861356139,"y":3.305312365965878},"width":2.3508037732491203,"length":4.477723447881644,"angle":-3.186954823500572,"object_id":"2c9"}]}