{"bounding boxes":[{"center":{"x":2.154749875506717,"y":-9.164119499263368},"width":3.2226093242142397,"length":6.601778620505417,"angle":-1.5285687289655672,"object_id":"2c3"},{"center":{"x":21.863738910529612,"y":-13.171408671639126},"width":2.3178506335744244,"length":3.9577218225818793,"angle":52.612825959511156,"object_id":"2c6"},{"center":{"x":18.33444739100265,"y":4.312669300590409},"width":2.3508037732491203,"length":4.477723447881645,"angle":-3.186954823500572,"object_id":"2c9"}]}