{"bounding boxes":[{"center":{"x":2.3786068722949563,"y":-9.167723686106797},"width":3.2226093242142397,"length":6.601778620505417,"angle":-1.5285687289655672,"object_id":"2c3"},{"center":{"x":21.3131065573233,"y":-12.602755403794657},"width":2.3178506335744253,"length":3.957721822581874,"angle":52.66963255351631,"object_id":"2c6"},{"center":{"x":18.24234179528713,"y":5.545685406548785},"width":2.3508037732491203,"length":4.477723447881646,"angle":-3.186954823500572,"object_id":"2c9"}]}