{"bounding boxes":[{"center":{"x":2.826320880827146,"y":-9.174932062762336},"width":3.2226093242142397,"length":6.601778620505417,"angle":-1.5285687289655672,"object_id":"2c3"},{"center":{"x":21.211990520305967,"y":-11.92938198714254},"width":2.3178506335744213,"length":3.957721822581871,"angle":52.72623444167771,"object_id":"2c6"}]}