{"bounding boxes":[{"center":{"x":3.2740348812106874,"y":-9.182140437240752},"width":3.2226093242142397,"length":6.601778620505417,"angle":-1.5285687289655672,"object_id":"2c3"},{"center":{"x":20.448313604834887,"y":-10.685553235729948},"width":2.3178506335744213,"length":3.957721822581871,"angle":52.72623444167771,"object_id":"2c6"}]}