{"bounding boxes":[{"center":{"x":3.8336773859376536,"y":-9.191150906259626},"width":3.2226093242142397,"length":6.601778620505417,"angle":-1.5285687289655672,"object_id":"2c3"},{"center":{"x":20.238873194525617,"y":-9.786520634954778},"width":2.3178506335744213,"length":3.957721822581871,"angle":52.72623444167771,"object_id":"2c6"}]}