{"bounding boxes":[{"center":{"x":3.833677385937653,"y":-9.191150906259626},"width":3.22260932421424,"length":6.601778620505415,"angle":-1.4689871410689397,"object_id":"2c3"},{"center":{"x":20.016818181223023,"y":-9.670987894753177},"width":2.3178506335744236,"length":3.9577218225818713,"angle":52.87701904151545,"object_id":"2c6"}]}