{"bounding boxes":[{"center":{"x":4.1676607965928145,"y":-9.308485714898463},"width":3.22260932421424,"length":6.601778620505415,"angle":-1.4689871410689397,"object_id":"2c3"},{"center":{"x":19.354257318181702,"y":-9.100532576949247},"width":2.3178506335744236,"length":3.9577218225818713,"angle":52.87701904151545,"object_id":"2c6"}]}