{"bounding boxes":[{"center":{"x":4.503446305540514,"y":-9.313891997942633},"width":3.22260932421424,"length":6.601778620505415,"angle":-1.4689871410689397,"object_id":"2c3"},{"center":{"x":19.249537114140672,"y":-8.651016281523894},"width":2.3178506335744236,"length":3.9577218225818704,"angle":53.006470718303476,"object_id":"2c6"}]}