{"bounding boxes":[{"center":{"x":4.9475561501537015,"y":-9.544957430064304},"width":3.22260932421424,"length":6.601778620505415,"angle":-1.4689871410689397,"object_id":"2c3"},{"center":{"x":19.148421084868573,"y":-7.977642892105008},"width":2.3178506335744236,"length":3.9577218225818704,"angle":53.006470718303476,"object_id":"2c6"}]}