{"bounding boxes":[{"center":{"x":5.283341663192255,"y":-9.55036371317432},"width":3.22260932421424,"length":6.601778620505415,"angle":-1.4689871410689397,"object_id":"2c3"},{"center":{"x":18.82344796422545,"y":-7.300665323867516},"width":2.3178506335744236,"length":3.957721822581872,"angle":53.006470718303476,"object_id":"2c6"}]}