{"bounding boxes":[{"center":{"x":5.953110611329176,"y":-9.673104811624974},"width":3.22260932421424,"length":6.601778620505415,"angle":-1.4689871410689397,"object_id":"2c3"},{"center":{"x":18.077791956234677,"y":-4.9375511736131665},"width":2.3178506335744236,"length":3.9577218225818713,"angle":53.01419166192788,"object_id":"2c6"}]}