{"bounding boxes":[{"center":{"x":6.287094060783669,"y":-9.790439624809855},"width":3.22260932421424,"length":6.601778620505415,"angle":-1.4689871410689397,"object_id":"2c3"},{"center":{"x":18.085000301720257,"y":-4.489836983173906},"width":2.3178506335744204,"length":3.957721822581875,"angle":53.11394743296362,"object_id":"2c6"}]}