{"bounding boxes":[{"center":{"x":6.287094060783669,"y":-9.790439624809855},"width":3.22260932421424,"length":6.601778620505415,"angle":-1.4689871410689397,"object_id":"2c3"},{"center":{"x":17.75642301306909,"y":-4.036716533760451},"width":2.3178506335744204,"length":3.9577218225818744,"angle":53.11394743296362,"object_id":"2c6"}]}