{"bounding boxes":[{"center":{"x":6.846736606377318,"y":-9.799450097044106},"width":3.22260932421424,"length":6.601778620505415,"angle":-1.4689871410689397,"object_id":"2c3"},{"center":{"x":17.435054074907214,"y":-3.1358819008080623},"width":2.3178506335744204,"length":3.957721822581874,"angle":53.11394743296362,"object_id":"2c6"}]}