{"bounding boxes":[{"center":{"x":7.2944506475808915,"y":-9.806658477635548},"width":3.22260932421424,"length":6.601778620505415,"angle":-1.4689871410689397,"object_id":"2c3"},{"center":{"x":17.44406450673666,"y":-2.576239164463486},"width":2.3178506335744338,"length":3.9577218225818753,"angle":53.19633818150221,"object_id":"2c6"}]}