{"bounding boxes":[{"center":{"x":7.969625889822213,"y":-9.593613983774839},"width":3.22260932421424,"length":6.601778620505415,"angle":-1.4689871410689397,"object_id":"2c3"},{"center":{"x":17.351958915257928,"y":-1.343223070678381},"width":2.3178506335744338,"length":3.9577218225818753,"angle":53.19633818150221,"object_id":"2c6"}]}