{"bounding boxes":[{"center":{"x":8.52926846092853,"y":-9.60262445982971},"width":3.22260932421424,"length":6.601778620505415,"angle":-1.4689871410689397,"object_id":"2c3"},{"center":{"x":17.254447063710952,"y":-0.44599261544502466},"width":2.3178506335744338,"length":3.9577218225818753,"angle":53.19633818150221,"object_id":"2c6"}]}