{"bounding boxes":[{"center":{"x":9.085306875049518,"y":-9.8354920054429},"width":3.22260932421424,"length":6.601778620505415,"angle":-1.4689871410689397,"object_id":"2c3"},{"center":{"x":17.265259581873355,"y":0.22557866612307187},"width":2.3178506335744338,"length":3.9577218225818753,"angle":53.19633818150221,"object_id":"2c6"}]}