{"bounding boxes":[{"center":{"x":9.533020947604955,"y":-9.842700387221086},"width":3.222609324214239,"length":6.601778620505415,"angle":-1.4689871410689397,"object_id":"2c3"},{"center":{"x":17.061225448553003,"y":1.4603968339110995},"width":2.3178506335744338,"length":3.9577218225818753,"angle":53.19633818150221,"object_id":"2c6"}]}