{"bounding boxes":[{"center":{"x":9.97893292998627,"y":-9.961837298646012},"width":3.222609324214239,"length":6.601778620505415,"angle":-1.4689871410689397,"object_id":"2c3"},{"center":{"x":16.848180883444304,"y":2.1355722679113205},"width":2.3178506335744338,"length":3.957721822581875,"angle":53.19633818150221,"object_id":"2c6"}]}