{"bounding boxes":[{"center":{"x":10.316520593650413,"y":-9.855315046092361},"width":3.222609324214239,"length":6.601778620505415,"angle":-1.4689871410689397,"object_id":"2c3"},{"center":{"x":16.860795487947897,"y":2.9190720952143003},"width":2.3178506335744395,"length":3.9577218225818727,"angle":53.32243123590404,"object_id":"2c6"}]}