{"bounding boxes":[{"center":{"x":11.322075236531102,"y":-9.983462451378834},"width":3.222609324214239,"length":6.601778620505415,"angle":-1.4689871410689397,"object_id":"2c3"},{"center":{"x":16.761481550585103,"y":3.704373994986206},"width":2.3178506335744395,"length":3.9577218225818727,"angle":53.32243123590404,"object_id":"2c6"}]}