{"bounding boxes":[{"center":{"x":-3.953872704073047,"y":-8.279074897832011},"width":2.594350427839528,"length":6.053485953184603,"angle":-1.5684964784595286,"object_id":"2d0"},{"center":{"x":14.51298406273414,"y":-22.649935154622362},"width":2.5943524343316335,"length":5.729195749790152,"angle":-3.087614904788703,"object_id":"2d1"},{"center":{"x":18.934706687192893,"y":-33.3993838846781},"width":2.4652775421500848,"length":5.038496418842339,"angle":-3.085772625535532,"object_id":"2d2"},{"center":{"x":19.087497967607,"y":-42.95054774641582},"width":2.2160108772126565,"length":5.567048143553155,"angle":-3.1392929463460386,"object_id":"2d3"}]}