{"bounding boxes":[{"center":{"x":-3.6009114612051216,"y":-8.515556773404748},"width":2.594350427839528,"length":6.053485953184603,"angle":-1.5684964784595286,"object_id":"2d0"},{"center":{"x":14.632444490590784,"y":-21.94319950946056},"width":2.5943524343316353,"length":5.729195749790152,"angle":-3.087614904788703,"object_id":"2d1"},{"center":{"x":19.054438187346783,"y":-32.57481358408775},"width":2.465277542150082,"length":5.038496418842333,"angle":-3.1053920374379747,"object_id":"2d2"},{"center":{"x":19.087497967607,"y":-42.95054774641582},"width":2.2160108772126565,"length":5.567048143553155,"angle":-3.1392929463460386,"object_id":"2d3"}]}