{"bounding boxes":[{"center":{"x":-3.1295737798237417,"y":-8.516640769731241},"width":2.594350427839528,"length":6.053485953184603,"angle":-1.5684964784595286,"object_id":"2d0"},{"center":{"x":14.63407050191628,"y":-21.236192689190922},"width":2.5943524343316353,"length":5.729195749790152,"angle":-3.087614904788703,"object_id":"2d1"},{"center":{"x":18.93822970906386,"y":-31.867535685621547},"width":2.465277542150082,"length":5.038496418842333,"angle":-3.1053920374379747,"object_id":"2d2"},{"center":{"x":18.616973022530296,"y":-42.595960111081595},"width":2.2160108772126565,"length":5.567048143553155,"angle":-3.1392929463460386,"object_id":"2d3"}]}