{"bounding boxes":[{"center":{"x":-2.5404016789880575,"y":-8.517995762445596},"width":2.594350427839528,"length":6.053485953184603,"angle":-1.5684964784595286,"object_id":"2d0"},{"center":{"x":14.400569566595173,"y":-20.292974892014698},"width":2.5943524343316353,"length":5.7291957497901524,"angle":-3.087614904788703,"object_id":"2d1"},{"center":{"x":18.822292233040265,"y":-31.042423311548646},"width":2.465277542150082,"length":5.038496418842333,"angle":-3.1053920374379747,"object_id":"2d2"},{"center":{"x":18.73562051539284,"y":-42.24272773409717},"width":2.2160108772126565,"length":5.567048143553155,"angle":-3.1392929463460386,"object_id":"2d3"}]}