{"bounding boxes":[{"center":{"x":3.2321304913528923,"y":-9.120446980364445},"width":2.5943504278395273,"length":6.053485953184601,"angle":-1.4476296400890323,"object_id":"2d0"},{"center":{"x":18.31171034207801,"y":3.1309297924694532},"width":2.4652775421500825,"length":5.0384964188423265,"angle":-3.210677665048646,"object_id":"2d2"},{"center":{"x":18.742395563646376,"y":-39.296865832422284},"width":2.2160108772126565,"length":5.567048143553155,"angle":-3.1392929463460386,"object_id":"2d3"},{"center":{"x":15.19001602515602,"y":-35.9203746302216},"width":2.362650877597994,"length":5.731798149795915,"angle":-3.122053304183476,"object_id":"2d4"}]}