{"bounding boxes":[{"center":{"x":3.2321304913528923,"y":-9.120446980364445},"width":2.5943504278395273,"length":6.053485953184601,"angle":-1.4476296400890323,"object_id":"2d0"},{"center":{"x":18.098805526321414,"y":13.029567691923097},"width":2.4652775421500825,"length":5.0384964188423265,"angle":-3.210677665048646,"object_id":"2d2"},{"center":{"x":18.742395563646376,"y":-39.296865832422284},"width":2.2160108772126565,"length":5.567048143553155,"angle":-3.1392929463460386,"object_id":"2d3"},{"center":{"x":15.313812540994542,"y":-33.328287308536574},"width":2.3626508775979818,"length":5.731798149795915,"angle":-3.122053304183476,"object_id":"2d4"}]}