{"bounding boxes":[{"center":{"x":3.2321304913528923,"y":-9.120446980364445},"width":2.5943504278395273,"length":6.053485953184601,"angle":-1.4476296400890323,"object_id":"2d0"},{"center":{"x":17.868556592833848,"y":15.38679912878926},"width":2.4652775421500825,"length":5.038496418842325,"angle":-3.210677665048646,"object_id":"2d2"},{"center":{"x":18.86131405914479,"y":-38.82579897211566},"width":2.2160108772126565,"length":5.567048143553155,"angle":-3.1392929463460386,"object_id":"2d3"},{"center":{"x":15.551107508424586,"y":-32.62182255093669},"width":2.36265087759798,"length":5.731798149795915,"angle":-3.122053304183476,"object_id":"2d4"}]}