{"bounding boxes":[{"center":{"x":3.5856338185912193,"y":-9.121259983144878},"width":2.5943504278395273,"length":6.053485953184601,"angle":-1.4476296400890323,"object_id":"2d0"},{"center":{"x":17.98883009440253,"y":16.447038435510464},"width":2.4652775421500825,"length":5.038496418842325,"angle":-3.210677665048646,"object_id":"2d2"},{"center":{"x":18.86185606294967,"y":-38.590130019105885},"width":2.2160108772126565,"length":5.567048143553155,"angle":-3.1392929463460386,"object_id":"2d3"},{"center":{"x":15.551920514094796,"y":-32.26831913757192},"width":2.36265087759798,"length":5.731798149795915,"angle":-3.122053304183476,"object_id":"2d4"}]}