{"bounding boxes":[{"center":{"x":3.5856338185912193,"y":-9.121259983144878},"width":2.5943504278395273,"length":6.053485953184601,"angle":-1.4476296400890323,"object_id":"2d0"},{"center":{"x":18.345856575800532,"y":17.978073726408375},"width":2.4652775421500825,"length":5.038496418842323,"angle":-3.210677665048646,"object_id":"2d2"},{"center":{"x":18.862398066752867,"y":-38.35446106681388},"width":2.2160108772126565,"length":5.567048143553155,"angle":-3.1392929463460386,"object_id":"2d3"},{"center":{"x":15.31733556628643,"y":-31.796439182521866},"width":2.3626508775979818,"length":5.731798149795915,"angle":-3.122053304183476,"object_id":"2d4"}]}