{"bounding boxes":[{"center":{"x":3.5856338185912193,"y":-9.121259983144878},"width":2.5943504278395273,"length":6.053485953184601,"angle":-1.4476296400890323,"object_id":"2d0"},{"center":{"x":18.40190018978626,"y":-33.639997856061626},"width":2.2160108772126565,"length":5.567048143553155,"angle":-3.1392929463460386,"object_id":"2d3"},{"center":{"x":15.098468727684178,"y":-24.49015992789905},"width":2.362650877597962,"length":5.731798149795915,"angle":-3.122053304183476,"object_id":"2d4"}]}