{"bounding boxes":[{"center":{"x":3.5856338185912193,"y":-9.121259983144878},"width":2.5943504278395273,"length":6.053485953184601,"angle":-1.4476296400890323,"object_id":"2d0"},{"center":{"x":18.294363774356977,"y":-29.16201678678367},"width":2.21601087721266,"length":5.567048143553155,"angle":-3.1392929463460386,"object_id":"2d3"},{"center":{"x":15.227956285370112,"y":-19.42354871140908},"width":2.362650877597955,"length":5.731798149795915,"angle":-3.122053304183476,"object_id":"2d4"}]}