{"bounding boxes":[{"center":{"x":3.5856338185912193,"y":-9.121259983144878},"width":2.5943504278395273,"length":6.053485953184601,"angle":-1.4476296400890323,"object_id":"2d0"},{"center":{"x":18.531658756934995,"y":-28.455551996739263},"width":2.21601087721266,"length":5.567048143553155,"angle":-3.1392929463460386,"object_id":"2d3"},{"center":{"x":15.114728839574253,"y":-17.420091694514493},"width":2.3626508775979533,"length":5.731798149795915,"angle":-3.122053304183476,"object_id":"2d4"}]}