{"bounding boxes":[{"center":{"x":3.9388661375318366,"y":-9.239907434242756},"width":2.5943504278395273,"length":6.053485953184601,"angle":-1.4476296400890323,"object_id":"2d0"},{"center":{"x":18.30303583156655,"y":-25.39131357325114},"width":2.21601087721266,"length":5.567048143553155,"angle":-3.1392929463460386,"object_id":"2d3"},{"center":{"x":15.35988286192745,"y":-13.296427225938473},"width":2.362650877597955,"length":5.731798149795909,"angle":-3.122053304183476,"object_id":"2d4"}]}