{"bounding boxes":[{"center":{"x":3.9388661375318366,"y":-9.239907434242756},"width":2.5943504278395273,"length":6.053485953184601,"angle":-1.4476296400890323,"object_id":"2d0"},{"center":{"x":18.544937847920067,"y":-22.681662683344502},"width":2.21601087721266,"length":5.567048143553155,"angle":-3.1392929463460386,"object_id":"2d3"},{"center":{"x":15.135595983257918,"y":-8.346837442731047},"width":2.3626508775979427,"length":5.731798149795909,"angle":-3.122053304183476,"object_id":"2d4"}]}