{"bounding boxes":[{"center":{"x":4.056700578152602,"y":-9.240178434088737},"width":2.5943504278395273,"length":6.053485953184601,"angle":-1.4476296400890323,"object_id":"2d0"},{"center":{"x":18.665211351546326,"y":-21.62142341825916},"width":2.21601087721266,"length":5.567048143553155,"angle":-3.1392929463460386,"object_id":"2d3"},{"center":{"x":15.376684975514111,"y":-5.990690019980075},"width":2.362650877597939,"length":5.731798149795908,"angle":-3.122053304183476,"object_id":"2d4"}]}