{"bounding boxes":[{"center":{"x":4.763707248791502,"y":-9.241804434303475},"width":2.5943504278395273,"length":6.053485953184601,"angle":-1.4476296400890323,"object_id":"2d0"},{"center":{"x":18.086607991618745,"y":-17.02452378940693},"width":2.21601087721266,"length":5.567048143553155,"angle":-3.1392929463460386,"object_id":"2d3"},{"center":{"x":15.509153555230384,"y":0.3721004497249849},"width":2.362650877597941,"length":5.731798149795908,"angle":-3.122053304183476,"object_id":"2d4"}]}