{"bounding boxes":[{"center":{"x":4.763707248791502,"y":-9.241804434303475},"width":2.5943504278395273,"length":6.053485953184601,"angle":-1.4476296400890323,"object_id":"2d0"},{"center":{"x":18.20579748729287,"y":-16.435622423162645},"width":2.21601087721266,"length":5.567048143553157,"angle":-3.1392929463460386,"object_id":"2d3"},{"center":{"x":15.510237562790618,"y":0.8434383342113856},"width":2.362650877597941,"length":5.731798149795908,"angle":-3.122053304183476,"object_id":"2d4"}]}