{"bounding boxes":[{"center":{"x":5.116939578493415,"y":-9.360451887758853},"width":2.5943504278395273,"length":6.053485953184601,"angle":-1.4476296400890323,"object_id":"2d0"},{"center":{"x":18.207152496786495,"y":-15.846450048713075},"width":2.21601087721266,"length":5.5670481435531585,"angle":-3.1392929463460386,"object_id":"2d3"},{"center":{"x":15.512405577907817,"y":1.7861141017486366},"width":2.3626508775979373,"length":5.731798149795908,"angle":-3.122053304183476,"object_id":"2d4"}]}