{"bounding boxes":[{"center":{"x":5.116939578493415,"y":-9.360451887758853},"width":2.5943504278395273,"length":6.053485953184601,"angle":-1.4476296400890323,"object_id":"2d0"},{"center":{"x":18.211488527202444,"y":-13.961098434683453},"width":2.21601087721266,"length":5.567048143553157,"angle":-3.1392929463460386,"object_id":"2d3"},{"center":{"x":15.753223570890174,"y":4.024427098592066},"width":2.3626508775979356,"length":5.731798149795908,"angle":-3.122053304183476,"object_id":"2d4"}]}