{"bounding boxes":[{"center":{"x":5.3526084694224725,"y":-9.360993888549878},"width":2.5943504278395273,"length":6.053485953184601,"angle":-1.4476296400890323,"object_id":"2d0"},{"center":{"x":18.21284353669813,"y":-13.371926059336662},"width":2.21601087721266,"length":5.567048143553153,"angle":-3.1392929463460386,"object_id":"2d3"},{"center":{"x":15.991602546134672,"y":5.202229851215449},"width":2.3626508775979356,"length":5.731798149795907,"angle":-3.122053304183476,"object_id":"2d4"}]}