{"bounding boxes":[{"center":{"x":5.94150968323832,"y":-9.48018334116557},"width":2.5943504278395273,"length":6.053485953184604,"angle":-1.4476296400890323,"object_id":"2d0"},{"center":{"x":18.215011551901135,"y":-12.429250254475122},"width":2.21601087721266,"length":5.567048143553153,"angle":-3.1392929463460386,"object_id":"2d3"},{"center":{"x":15.994041563160089,"y":6.262740097769813},"width":2.3626508775979356,"length":5.731798149795907,"angle":-3.122053304183476,"object_id":"2d4"}]}