{"bounding boxes":[{"center":{"x":5.94150968323832,"y":-9.48018334116557},"width":2.5943504278395273,"length":6.053485953184604,"angle":-1.4476296400890323,"object_id":"2d0"},{"center":{"x":18.21690856519799,"y":-11.604408927733513},"width":2.21601087721266,"length":5.567048143553153,"angle":-3.1392929463460386,"object_id":"2d3"},{"center":{"x":16.115399066823585,"y":7.794317253280475},"width":2.362650877597932,"length":5.731798149795907,"angle":-3.122053304183476,"object_id":"2d4"}]}