{"bounding boxes":[{"center":{"x":6.412576466116268,"y":-9.5991017970081},"width":2.5943504278395273,"length":6.053485953184604,"angle":-1.4476296400890323,"object_id":"2d0"},{"center":{"x":18.21988958611086,"y":-10.308229692280626},"width":2.21601087721266,"length":5.567048143553153,"angle":-3.1392929463460386,"object_id":"2d3"},{"center":{"x":16.002984624522725,"y":10.151277674034233},"width":2.362650877597932,"length":5.731798149795907,"angle":-3.122053304183476,"object_id":"2d4"}]}