{"bounding boxes":[{"center":{"x":6.766621812143154,"y":-9.36424588575263},"width":2.5943504278395273,"length":6.053485953184603,"angle":-1.4476296400890323,"object_id":"2d0"},{"center":{"x":18.2228706070196,"y":-9.012050458622177},"width":2.21601087721266,"length":5.567048143553153,"angle":-3.1392929463460386,"object_id":"2d3"}]}