{"bounding boxes":[{"center":{"x":7.472544509802912,"y":-9.837209714905452},"width":2.5943504278395273,"length":6.053485953184601,"angle":-1.4476296400890323,"object_id":"2d0"},{"center":{"x":18.108017141357177,"y":-7.7156002305748395},"width":2.21601087721266,"length":5.567048143553154,"angle":-3.1392929463460386,"object_id":"2d3"}]}