{"bounding boxes":[{"center":{"x":7.826318886278729,"y":-9.720188257798732},"width":2.5943504278395273,"length":6.053485953184601,"angle":-1.4476296400890323,"object_id":"2d0"},{"center":{"x":17.992621672249587,"y":-6.654818955179255},"width":2.21601087721266,"length":5.567048143553156,"angle":-3.1392929463460386,"object_id":"2d3"}]}