{"bounding boxes":[{"center":{"x":8.651160053504153,"y":-9.72208526696042},"width":2.5943504278395273,"length":6.053485953184599,"angle":-1.4476296400890323,"object_id":"2d0"},{"center":{"x":17.877768206937766,"y":-5.358368730721615},"width":2.21601087721266,"length":5.567048143553158,"angle":-3.1392929463460386,"object_id":"2d3"}]}