{"bounding boxes":[{"center":{"x":8.886286959357326,"y":-9.95829619173433},"width":2.5943504278395273,"length":6.053485953184599,"angle":-1.4476296400890323,"object_id":"2d0"},{"center":{"x":17.87912321643552,"y":-4.769196354477611},"width":2.21601087721266,"length":5.567048143553158,"angle":-3.1392929463460386,"object_id":"2d3"}]}