{"bounding boxes":[{"center":{"x":9.711399162560012,"y":-9.842358732903339},"width":2.5943504278395273,"length":6.053485953184599,"angle":-1.4476296400890323,"object_id":"2d0"},{"center":{"x":17.88237523922022,"y":-3.3551826557986772},"width":2.21601087721266,"length":5.567048143553158,"angle":-3.1392929463460386,"object_id":"2d3"}]}