{"bounding boxes":[{"center":{"x":10.30030044813266,"y":-9.961548194656356},"width":2.5943504278395277,"length":6.053485953184599,"angle":-1.307958692073214,"object_id":"2d0"},{"center":{"x":17.650229292548396,"y":-1.8227924966860987},"width":2.21601087721266,"length":5.567048143553158,"angle":-3.1392929463460386,"object_id":"2d3"}]}