{"bounding boxes":[{"center":{"x":10.88920176778963,"y":-10.080737660794359},"width":2.594350427839528,"length":6.053485953184599,"angle":-1.240866146814383,"object_id":"2d0"},{"center":{"x":17.77023179142712,"y":-0.8803876967940778},"width":2.21601087721266,"length":5.567048143553158,"angle":-3.1392929463460386,"object_id":"2d3"}]}