{"bounding boxes":[{"center":{"x":1.7916844739494184,"y":-5.5594887926530445},"width":2.581190728966691,"length":5.3535813433133645,"angle":-1.511209740846927,"object_id":"2e0"},{"center":{"x":17.097545944617607,"y":-6.384306737631865},"width":2.3899928166031446,"length":5.162386552603926,"angle":-3.4601924999222606,"object_id":"2e2"},{"center":{"x":29.319610390873137,"y":-17.8532890165328},"width":2.158402161897235,"length":5.2747321292513885,"angle":-4.653471285978433,"object_id":"2e3"},{"center":{"x":18.397420977840287,"y":-26.581490902441512},"width":2.485593347097383,"length":5.257985552922433,"angle":-3.2074280488786995,"object_id":"2e4"}]}