{"bounding boxes":[{"center":{"x":2.1654392540936556,"y":-5.5500313699160575},"width":2.581190728966691,"length":5.3535813433133645,"angle":-1.511209740846927,"object_id":"2e0"},{"center":{"x":16.98992111725711,"y":-5.82603868633774},"width":2.389992816603144,"length":5.162386552603926,"angle":-3.4601924999222606,"object_id":"2e2"},{"center":{"x":29.13273285349921,"y":-17.858017695534805},"width":2.158402161897235,"length":5.2747321292513885,"angle":-4.653471285978433,"object_id":"2e3"},{"center":{"x":18.38559923580721,"y":-26.114297225453786},"width":2.485593347097383,"length":5.257985552922433,"angle":-3.2074280488786995,"object_id":"2e4"}]}