{"bounding boxes":[{"center":{"x":2.1654392540936556,"y":-5.5500313699160575},"width":2.581190728966691,"length":5.353581343313365,"angle":-1.4522012983891943,"object_id":"2e0"},{"center":{"x":16.48489785664419,"y":-4.342840718093945},"width":2.3899928166031446,"length":5.162386552603925,"angle":-3.404351843937542,"object_id":"2e2"},{"center":{"x":28.945855310832833,"y":-17.862746373616904},"width":2.158402161897237,"length":5.27473212925138,"angle":-4.6038619304141415,"object_id":"2e3"},{"center":{"x":18.359591403277925,"y":-25.086471133842867},"width":2.485593347097383,"length":5.257985552922433,"angle":-3.2074280488786995,"object_id":"2e4"}]}