{"bounding boxes":[{"center":{"x":2.1654392540936556,"y":-5.5500313699160575},"width":2.581190728966691,"length":5.353581343313365,"angle":-1.4522012983891943,"object_id":"2e0"},{"center":{"x":16.25782646282934,"y":-2.759110960969282},"width":2.389992816603142,"length":5.1623865526039205,"angle":-3.3258528126418745,"object_id":"2e2"},{"center":{"x":28.75897777133262,"y":-17.86747505188235},"width":2.158402161897237,"length":5.27473212925138,"angle":-4.6038619304141415,"object_id":"2e3"},{"center":{"x":18.324126176962253,"y":-23.68489009432274},"width":2.485593347097383,"length":5.257985552922433,"angle":-3.2074280488786995,"object_id":"2e4"}]}