{"bounding boxes":[{"center":{"x":2.4481196905932254,"y":-5.636377015659667},"width":2.581190728966691,"length":5.353581343313365,"angle":-1.4522012983891943,"object_id":"2e0"},{"center":{"x":16.13365119797209,"y":-1.5467717839886652},"width":2.389992816603142,"length":5.1623865526039205,"angle":-3.3258528126418745,"object_id":"2e2"},{"center":{"x":28.75897777133262,"y":-17.86747505188235},"width":2.158402161897237,"length":5.27473212925138,"angle":-4.6038619304141415,"object_id":"2e3"},{"center":{"x":18.391557085709383,"y":-22.654699667987945},"width":2.4855933470973883,"length":5.2579855529224275,"angle":-3.1009226112245125,"object_id":"2e4"}]}