{"bounding boxes":[{"center":{"x":2.4481196905932254,"y":-5.636377015659667},"width":2.581190728966691,"length":5.3535813433133645,"angle":-1.4235323191628804,"object_id":"2e0"},{"center":{"x":16.11000771447225,"y":-0.6123844523928113},"width":2.389992816603142,"length":5.1623865526039205,"angle":-3.3258528126418745,"object_id":"2e2"},{"center":{"x":28.572100232352327,"y":-17.872203729871156},"width":2.158402161897237,"length":5.27473212925138,"angle":-4.6038619304141415,"object_id":"2e3"},{"center":{"x":18.370277949870022,"y":-21.813751042301227},"width":2.485593347097384,"length":5.257985552922424,"angle":-3.0738850329060967,"object_id":"2e4"}]}