{"bounding boxes":[{"center":{"x":2.4481196905932254,"y":-5.636377015659667},"width":2.581190728966691,"length":5.3535813433133645,"angle":-1.4235323191628804,"object_id":"2e0"},{"center":{"x":16.095821624332416,"y":-0.05175205185559717},"width":2.389992816603142,"length":5.1623865526039205,"angle":-3.3258528126418745,"object_id":"2e2"},{"center":{"x":28.198345148059403,"y":-17.88166108548209},"width":2.158402161897237,"length":5.27473212925138,"angle":-4.6038619304141415,"object_id":"2e3"},{"center":{"x":18.638772433226045,"y":-21.339464360312192},"width":2.4855933470973928,"length":5.257985552922423,"angle":-3.0113145415102966,"object_id":"2e4"}]}