{"bounding boxes":[{"center":{"x":8.729792047933131,"y":-6.318913677107236},"width":2.5811907289666896,"length":5.353581343313363,"angle":-1.464427885500564,"object_id":"2e0"},{"center":{"x":26.324841145379356,"y":-17.742070379936884},"width":2.158402161897224,"length":5.274732129251386,"angle":-4.5958945337440955,"object_id":"2e3"},{"center":{"x":25.702381902182417,"y":-12.278365402478213},"width":2.485593347097394,"length":5.257985552922378,"angle":-2.0273861120279473,"object_id":"2e4"},{"center":{"x":30.168414637909166,"y":-22.039173077183197},"width":2.300189251469496,"length":4.77938648103518,"angle":-4.599841100245607,"object_id":"2e5"}]}