{"bounding boxes":[{"center":{"x":9.573104802100968,"y":-6.391073206222614},"width":2.5811907289666887,"length":5.353581343313358,"angle":-1.498058135175912,"object_id":"2e0"},{"center":{"x":26.324841145379356,"y":-17.742070379936884},"width":2.158402161897224,"length":5.274732129251386,"angle":-4.5958945337440955,"object_id":"2e3"},{"center":{"x":25.980333831800085,"y":-12.177833618199015},"width":2.4855933470973954,"length":5.257985552922377,"angle":-1.9709846026808466,"object_id":"2e4"},{"center":{"x":30.168414637909166,"y":-22.039173077183197},"width":2.300189251469496,"length":4.77938648103518,"angle":-4.599841100245607,"object_id":"2e5"}]}