{"bounding boxes":[{"center":{"x":9.949224009495465,"y":-6.4750545112237825},"width":2.5811907289666887,"length":5.353581343313358,"angle":-1.498058135175912,"object_id":"2e0"},{"center":{"x":26.324841145379356,"y":-17.742070379936884},"width":2.158402161897224,"length":5.274732129251386,"angle":-4.5958945337440955,"object_id":"2e3"},{"center":{"x":26.725479582461865,"y":-12.065480089690624},"width":2.4855933470973914,"length":5.2579855529223725,"angle":-1.963317030062275,"object_id":"2e4"},{"center":{"x":30.168414637909166,"y":-22.039173077183197},"width":2.300189251469496,"length":4.77938648103518,"angle":-4.599841100245607,"object_id":"2e5"}]}