{"bounding boxes":[{"center":{"x":10.229540155078602,"y":-6.467961444616733},"width":2.581190728966689,"length":5.353581343313361,"angle":-1.490614022230595,"object_id":"2e0"},{"center":{"x":25.757115523612217,"y":-17.47594017981579},"width":2.158402161897224,"length":5.274732129251386,"angle":-4.5958945337440955,"object_id":"2e3"},{"center":{"x":27.283747827220964,"y":-11.9578552553271},"width":2.4855933470973812,"length":5.257985552922366,"angle":-1.8760737525708275,"object_id":"2e4"},{"center":{"x":29.79465954467132,"y":-22.04863041247073},"width":2.300189251469496,"length":4.77938648103518,"angle":-4.599841100245607,"object_id":"2e5"}]}