{"bounding boxes":[{"center":{"x":11.166291648750075,"y":-6.537756621006265},"width":2.581190728966688,"length":5.353581343313366,"angle":-1.5041301269144076,"object_id":"2e0"},{"center":{"x":25.757115523612217,"y":-17.47594017981579},"width":2.158402161897224,"length":5.274732129251386,"angle":-4.5958945337440955,"object_id":"2e3"},{"center":{"x":27.74621295830766,"y":-11.759156019711348},"width":2.485593347097383,"length":5.257985552922379,"angle":-1.8372231504326149,"object_id":"2e4"},{"center":{"x":29.79465954467132,"y":-22.04863041247073},"width":2.300189251469496,"length":4.77938648103518,"angle":-4.599841100245607,"object_id":"2e5"}]}