{"bounding boxes":[{"center":{"x":11.72692398975799,"y":-6.523570489692464},"width":2.581190728966688,"length":5.353581343313366,"angle":-1.5041301269144076,"object_id":"2e0"},{"center":{"x":25.757115523612217,"y":-17.47594017981579},"width":2.158402161897224,"length":5.274732129251386,"angle":-4.5958945337440955,"object_id":"2e3"},{"center":{"x":28.304481210928838,"y":-11.651531183699895},"width":2.4855933470973826,"length":5.257985552922364,"angle":-1.7726439258209852,"object_id":"2e4"},{"center":{"x":29.79465954467132,"y":-22.04863041247073},"width":2.300189251469496,"length":4.77938648103518,"angle":-4.599841100245607,"object_id":"2e5"}]}