{"bounding boxes":[{"center":{"x":12.196481950893778,"y":-6.605187442397899},"width":2.5811907289666878,"length":5.353581343313375,"angle":-1.49268634575008,"object_id":"2e0"},{"center":{"x":25.38336047633975,"y":-17.48539754081293},"width":2.1584021618972167,"length":5.274732129251383,"angle":-4.526153574248917,"object_id":"2e3"},{"center":{"x":28.951459557545682,"y":-11.354664490200452},"width":2.4855933470973826,"length":5.257985552922364,"angle":-1.7726439258209852,"object_id":"2e4"},{"center":{"x":29.514343231416866,"y":-22.05572341218673},"width":2.300189251469496,"length":4.77938648103518,"angle":-4.599841100245607,"object_id":"2e5"}]}