{"bounding boxes":[{"center":{"x":12.663675566475671,"y":-6.593365668327713},"width":2.5811907289666878,"length":5.353581343313375,"angle":-1.49268634575008,"object_id":"2e0"},{"center":{"x":24.90907363242307,"y":-17.216903004120493},"width":2.1584021618972167,"length":5.274732129251383,"angle":-4.526153574248917,"object_id":"2e3"},{"center":{"x":29.418653409654688,"y":-11.342842745053467},"width":2.485593347097382,"length":5.257985552922369,"angle":-1.7163895576105768,"object_id":"2e4"},{"center":{"x":29.514343231416866,"y":-22.05572341218673},"width":2.300189251469496,"length":4.77938648103518,"angle":-4.599841100245607,"object_id":"2e5"}]}