{"bounding boxes":[{"center":{"x":13.50462395956713,"y":-6.572086476724605},"width":2.5811907289666878,"length":5.3535813433133725,"angle":-1.49268634575008,"object_id":"2e0"},{"center":{"x":24.90907363242307,"y":-17.216903004120493},"width":2.1584021618972167,"length":5.274732129251383,"angle":-4.526153574248917,"object_id":"2e3"},{"center":{"x":30.072724711284046,"y":-11.326292300470076},"width":2.4855933470973848,"length":5.257985552922357,"angle":-1.645208239567926,"object_id":"2e4"},{"center":{"x":29.327465718249094,"y":-22.06045207951098},"width":2.300189251469496,"length":4.77938648103518,"angle":-4.599841100245607,"object_id":"2e5"}]}