{"bounding boxes":[{"center":{"x":14.817529208645979,"y":-6.831390450152535},"width":2.5811907289666878,"length":5.353581343313371,"angle":-1.49268634575008,"object_id":"2e0"},{"center":{"x":24.90907363242307,"y":-17.216903004120493},"width":2.1584021618972167,"length":5.274732129251383,"angle":-4.526153574248917,"object_id":"2e3"},{"center":{"x":31.476077811218723,"y":-11.397178645547836},"width":2.485593347097384,"length":5.257985552922368,"angle":-1.6342671938974993,"object_id":"2e4"},{"center":{"x":28.67477451180288,"y":-22.16444127844977},"width":2.300189251469496,"length":4.77938648103518,"angle":-4.599841100245607,"object_id":"2e5"}]}