{"bounding boxes":[{"center":{"x":15.565181348216548,"y":-6.81935296305847},"width":2.5811907289666878,"length":5.353581343313371,"angle":-1.49268634575008,"object_id":"2e0"},{"center":{"x":23.969994157170888,"y":-16.951580097778752},"width":2.158402161897217,"length":5.274732129251375,"angle":-4.452810996825167,"object_id":"2e3"},{"center":{"x":32.69101317792165,"y":-11.377617807749361},"width":2.4855933470973857,"length":5.2579855529223805,"angle":-1.5628420540236,"object_id":"2e4"},{"center":{"x":28.205987055435664,"y":-22.078508056547086},"width":2.300189251469496,"length":4.77938648103518,"angle":-4.599841100245607,"object_id":"2e5"}]}